AccessionNumber,ID NUMBER,KALTURA ID,dcidentifieruri,Field9
1299035,CUL_Lectures_CU_0268_AM_1_1 | CUL_Lectures_CU_0268_AM_1_2,1_4u35qs4r||1_27fgf4wb,http://hdl.handle.net/1813/43317,
3601096,CUL_Lectures_CU_1813_AM_1_1,1_zopqf6s1,http://hdl.handle.net/1813/42948,
3600547,CUL_Lectures_CU_2733_AM_1_1 | CUL_Lectures_CU_2733_AM_1_2,1_ghh9ethl||1_i0dprwp9,http://hdl.handle.net/1813/42949,
1299685,CUL_Lectures_CU_0333_AM_1_1,1_vb0sgkgy,http://hdl.handle.net/1813/43318,
3600598,CUL_Lectures_CU_2772_AM_1_1,1_wcctaca5,http://hdl.handle.net/1813/42950,
1299748,CUL_Lectures_CU_0338_AM_1_1,1_ovdbb262,http://hdl.handle.net/1813/43319,
3604526,CUL_Lectures_CU_0656_AM_1_1 | CUL_Lectures_CU_0656_AM_1_2,1_oh93xqwf||1_wqtzxaf2,http://hdl.handle.net/1813/43320,
3602689,CUL_Lectures_CU_0685_06_AM_1_1 | CUL_Lectures_CU_0685_06_AM_1_2,1_swip20hl||1_12y20uqs,http://hdl.handle.net/1813/43321,
3602693,CUL_Lectures_CU_0685_10_AM_1_1 | CUL_Lectures_CU_0685_10_AM_1_2,1_0y5gvbi9||1_4ccwmtr0,http://hdl.handle.net/1813/43323,
3602616,CUL_Lectures_CU_0732_AM_1_1 | CUL_Lectures_CU_0732_AM_1_2 | CUL_Lectures_CU_0732_AM_2_1,1_qdefnbvh||1_b3drkr9f||1_ofjjjj0v,http://hdl.handle.net/1813/43325,
3602748,CUL_Lectures_CU_0722_AM_1_1 | CUL_Lectures_CU_0722_AM_1_2,1_xrq0nhk5||1_sd9oj7ey,http://hdl.handle.net/1813/43324,
3602582,CUL_Lectures_CU_0764_AM_1_1,1_xgip1xpn,http://hdl.handle.net/1813/43326,
3602373,CUL_Lectures_CU_0836_AM_1_1 | CUL_Lectures_CU_0836_AM_1_2 | CUL_Lectures_CU_0836_AM_2_1,1_6grk27n4||1_zje9yzew||1_7y2ex1tw,http://hdl.handle.net/1813/43328,
3602691,CUL_Lectures_CU_0685_08_AM_1_1,1_2y47v603,http://hdl.handle.net/1813/43322,
3602617,CUL_Lectures_CU_0789_AM_1_1 | CUL_Lectures_CU_0789_AM_1_2,1_wvd7kjqb||1_c8zvbimh,http://hdl.handle.net/1813/43327,
3602200,CUL_Lectures_CU_0935_AM_2_1 | CUL_Lectures_CU_0935_AM_2_2,1_1hp0db2w||1_nuojhif9,http://hdl.handle.net/1813/43329,
3602318,CUL_Lectures_CU_1002_AM_1_1 | CUL_Lectures_CU_1002_AM_1_2 | CUL_Lectures_CU_1002_AM_2_1,1_6a78qvbj||1_ojt5ba1m||1_z9iy6ywo,http://hdl.handle.net/1813/43330,
3601684,CUL_Lectures_CU_1101_AM_1_1 | CUL_Lectures_CU_1101_AM_1_2,1_oe0gu49r||1_brzmk5iu,http://hdl.handle.net/1813/43332,
3602112,CUL_Lectures_CU_1099_AM_1_1 | CUL_Lectures_CU_1099_AM_1_2,1_8risr7ws||1_7g0vkjto,http://hdl.handle.net/1813/43331,
3601554,CUL_Lectures_CU_1379_AM_1_1,1_lnzsmygb,http://hdl.handle.net/1813/43347,
3601424,CUL_Lectures_CU_1446_AM_1_1 | CUL_Lectures_CU_1446_AM_1_2,1_p74c15fg||1_qhqrmkb4,http://hdl.handle.net/1813/43352,
3601895,CUL_Lectures_CU_1192_AM_1_1 | CUL_Lectures_CU_1192_AM_1_2 | CUL_Lectures_CU_1192_AM_2_1,1_xxp9p609||1_u1y61u2v||1_509o0mut,http://hdl.handle.net/1813/43335,
3601375,CUL_Lectures_CU_1545_AM_1_1 | CUL_Lectures_CU_1545_AM_1_2,1_ziurifhi||1_25nsbavg,http://hdl.handle.net/1813/43361,
3601647,CUL_Lectures_CU_1285_AM_1_1 | CUL_Lectures_CU_1285_AM_1_2,1_7e05icjy||1_eyc1dcnv,http://hdl.handle.net/1813/43340,
3601518,CUL_Lectures_CU_1342_AM_1_1 | CUL_Lectures_CU_1342_AM_1_2,1_q8sw0858||1_e2mfdrtx,http://hdl.handle.net/1813/43344,
3601348,CUL_Lectures_CU_1518_AM_1_1 | CUL_Lectures_CU_1518_AM_1_2,1_29gcq5i4||1_7dqyf9f5,http://hdl.handle.net/1813/43357,
3601373,CUL_Lectures_CU_1543_AM_1_1 | CUL_Lectures_CU_1543_AM_1_2,1_sjymt445||1_vbz46rb4,http://hdl.handle.net/1813/43360,
3601498,CUL_Lectures_CU_1321_AM_1_1 | CUL_Lectures_CU_1321_AM_1_2,1_dog7a0zl||1_43icl39s,http://hdl.handle.net/1813/43342,
3601389,CUL_Lectures_CU_1405_AM_1_1,1_31lp4ile,http://hdl.handle.net/1813/43350,
3601570,CUL_Lectures_CU_1396_AM_1_1 | CUL_Lectures_CU_1396_AM_1_2,1_zux9pzk2||1_qn6vf1f1,http://hdl.handle.net/1813/43349,
3601299,CUL_Lectures_CU_1565_AM_1_1 | CUL_Lectures_CU_1565_AM_1_2,1_5wue027r||1_dsqvwt65,http://hdl.handle.net/1813/43365,
3601360,CUL_Lectures_CU_1530_AM_1_1 | CUL_Lectures_CU_1530_AM_1_2,1_3im3n4lu||1_qu0yotrl,http://hdl.handle.net/1813/43359,
3601455,CUL_Lectures_CU_1477_AM_1_1,1_lvq0wcmk,http://hdl.handle.net/1813/43353,
3601627,CUL_Lectures_CU_1266_AM_1_1 | CUL_Lectures_CU_1266_AM_1_2,1_i3nflxcg||1_vz8wappc,http://hdl.handle.net/1813/43337,
3604586,CUL_Lectures_CU_1619_AM_1_1 | CUL_Lectures_CU_1619_AM_1_2 | CUL_Lectures_CU_1619_AM_2_1,1_hobmxjhm||1_emeks97c||1_d40j6pps,http://hdl.handle.net/1813/43370,
3601632,CUL_Lectures_CU_1271_AM_1_1 | CUL_Lectures_CU_1271_AM_1_2,1_zghx9uzw||1_i1cxh7fl,http://hdl.handle.net/1813/43338,
3601415,CUL_Lectures_CU_1437_AM_1_1 | CUL_Lectures_CU_1437_AM_1_2,1_tc3xqqzy||1_xjuz23tf,http://hdl.handle.net/1813/43351,
3601523,CUL_Lectures_CU_1347_AM_1_1 | CUL_Lectures_CU_1347_AM_1_2,1_5wv3m7hj||1_uzj1sko1,http://hdl.handle.net/1813/43345,
3604576,CUL_Lectures_CU_1350_AM_1_1 | CUL_Lectures_CU_1350_AM_1_2 | CUL_Lectures_CU_1350_AM_2_1,1_0v1u0oy1||1_r1sujbmh||1_kxr9y12b,http://hdl.handle.net/1813/43346,
3601378,CUL_Lectures_CU_1548_AM_1_1 | CUL_Lectures_CU_1548_AM_1_2,1_3vowcfdc||1_t1rideon,http://hdl.handle.net/1813/43362,
3601559,CUL_Lectures_CU_1384_AM_1_1 | CUL_Lectures_CU_1384_AM_1_2,1_29rlrpxh||1_tb5phjdh,http://hdl.handle.net/1813/43348,
3601337,CUL_Lectures_CU_1587_AM_1_1,1_ny1e4pvk,http://hdl.handle.net/1813/43366,
3601310,CUL_Lectures_CU_1615_AM_1_1 | CUL_Lectures_CU_1615_AM_1_2,1_af67tbv8||1_jkebyw1o,http://hdl.handle.net/1813/43369,
3601108,CUL_Lectures_CU_1613_AM_1_1 | CUL_Lectures_CU_1613_AM_1_2,1_vvoedvgl||1_3ch039f5,http://hdl.handle.net/1813/43368,
3601326,CUL_Lectures_CU_1602_AM_1_1 | CUL_Lectures_CU_1602_AM_1_2,1_1p3azy64||1_9pfl9nsh,http://hdl.handle.net/1813/43367,
3601474,CUL_Lectures_CU_1497_AM_1_1 | CUL_Lectures_CU_1497_AM_1_2,1_fxlwn4x1||1_v3apecfc,http://hdl.handle.net/1813/43355,
3601860,CUL_Lectures_CU_1157_AM_1_1 | CUL_Lectures_CU_1157_AM_1_2,1_gnlsrx4e||1_0wx2w868,http://hdl.handle.net/1813/43334,
3601499,CUL_Lectures_CU_1322_AM_1_1 | CUL_Lectures_CU_1322_AM_1_2,1_52tq6bgm||1_ygx2t5by,http://hdl.handle.net/1813/43343,
3601458,CUL_Lectures_CU_1480_AM_1_1 | CUL_Lectures_CU_1480_AM_1_2,1_yx45hn8z||1_cupb47cc,http://hdl.handle.net/1813/43354,
3601313,CUL_Lectures_CU_1560_AM_1_1 | CUL_Lectures_CU_1560_AM_1_2,1_5ugzarfs||1_vrmf0ip2,http://hdl.handle.net/1813/43364,
3601822,CUL_Lectures_CU_1109_AM_1_1 | CUL_Lectures_CU_1109_AM_1_2,1_7il642pf||1_2xugaf27,http://hdl.handle.net/1813/43333,
3601638,CUL_Lectures_CU_1277_AM_1_1 | CUL_Lectures_CU_1277_AM_1_2,1_89w0epih||1_8vqrbtwg,http://hdl.handle.net/1813/43339,
3601352,CUL_Lectures_CU_1522_AM_1_1 | CUL_Lectures_CU_1522_AM_2_1,1_0j85mc7m||1_htcfpr7w,http://hdl.handle.net/1813/43358,
3601114,CUL_Lectures_CU_1222_AM_1_1 | CUL_Lectures_CU_1222_AM_1_2 | CUL_Lectures_CU_1222_AM_2_1,1_mjn8oqx6||1_arp2esg4||1_qszy5t7b,http://hdl.handle.net/1813/43336,
3602463,CUL_Lectures_CU_1556_AM_1_1 | CUL_Lectures_CU_1556_AM_1_2,1_ey12gv8r||1_zxbikq1u,http://hdl.handle.net/1813/43363,
3601347,CUL_Lectures_CU_1517_AM_1_1 | CUL_Lectures_CU_1517_AM_1_2,1_1in7j8i8||1_iv5dett3,http://hdl.handle.net/1813/43356,
3601488,CUL_Lectures_CU_1311_AM_1_1 | CUL_Lectures_CU_1311_AM_1_2,1_nkzqr7ng||1_n50h220w,http://hdl.handle.net/1813/43341,
3601343,CUL_Lectures_CU_1620_AM_1_1 | CUL_Lectures_CU_1620_AM_1_2,1_qawyki84||1_g54zfu2y,http://hdl.handle.net/1813/43371,
3601190,CUL_Lectures_CU_1686_AM_1_1 | CUL_Lectures_CU_1686_AM_1_2,1_agjk4c17||1_w9wujxob,http://hdl.handle.net/1813/43374,
3601191,CUL_Lectures_CU_1685_AM_1_1 | CUL_Lectures_CU_1685_AM_1_2,1_5fx8tbcb||1_ew6jfauy,http://hdl.handle.net/1813/43373,
3601188,CUL_Lectures_CU_1688_AM_1_1 | CUL_Lectures_CU_1688_AM_1_2,1_jielxcjp||1_x0e98uen,http://hdl.handle.net/1813/43375,
3601123,CUL_Lectures_CU_1627_AM_1_1 | CUL_Lectures_CU_1627_AM_1_2 | CUL_Lectures_CU_1627_AM_2_1 | CUL_Lectures_CU_1627_AM_2_2,1_038y3qyn||1_8omxbpb9||1_57nllbsb||1_r3go1yus,http://hdl.handle.net/1813/43372,
3601185,CUL_Lectures_CU_1691_AM_1_1 | CUL_Lectures_CU_1691_AM_1_2 | CUL_Lectures_CU_1691_AM_2_1,1_v0mslhis||1_hhhyswse||1_upayvlqo,http://hdl.handle.net/1813/43376,
3601183,CUL_Lectures_CU_1693_AM_1_1 | CUL_Lectures_CU_1693_AM_1_2,1_wqp10urs||1_xs7tnn57,http://hdl.handle.net/1813/43378,
3604597,CUL_Lectures_CU_1704_AM_1_1 | CUL_Lectures_CU_1704_AM_1_2,1_78mpa5tr||1_isx8b5hm,http://hdl.handle.net/1813/43380,
3601232,CUL_Lectures_CU_1705_AM_1_1 | CUL_Lectures_CU_1705_AM_1_2 | CUL_Lectures_CU_1705_AM_2_1 | CUL_Lectures_CU_1705_AM_2_2,1_wv9eckzi||1_h08402vr||1_lm1oh783||1_okichluq,http://hdl.handle.net/1813/43381,
3601213,CUL_Lectures_CU_1703_AM_1_1 | CUL_Lectures_CU_1703_AM_1_2,1_uv492pd7||1_zlcghfa4,http://hdl.handle.net/1813/43379,
3601184,CUL_Lectures_CU_1692_AM_1_1 | CUL_Lectures_CU_1692_AM_1_2,1_is55abq9||1_dqhdj59e,http://hdl.handle.net/1813/43377,
3600299,CUL_Lectures_CU_2148_AM_1_1 | CUL_Lectures_CU_2148_AM_1_2,1_nn1w83vv||1_n9d9l5dw,http://hdl.handle.net/1813/43422,
3600419,CUL_Lectures_CU_2552_AM_1_1 | CUL_Lectures_CU_2552_AM_1_2 | CUL_Lectures_CU_2552_AM_2_1,1_u8opkmmq||1_wgp7kyn9||1_zd58uibz,http://hdl.handle.net/1813/43448,
3600735,CUL_Lectures_CU_1942_AM_1_1 | CUL_Lectures_CU_1942_AM_1_2,1_mfnb7r6t||1_zx0vilp3,http://hdl.handle.net/1813/43408,
3601231,CUL_Lectures_CU_1713_AM_1_1 | CUL_Lectures_CU_1713_AM_1_2 | CUL_Lectures_CU_1713_AM_2_1,1_8717tnjz||1_j21c0bzu||1_4gpgs1tb,http://hdl.handle.net/1813/43382,
3600474,CUL_Lectures_CU_2581_AM_1_1,1_k53cgn1g,http://hdl.handle.net/1813/43455,
3600470,CUL_Lectures_CU_2569_AM_1_1 | CUL_Lectures_CU_2569_AM_1_2 | CUL_Lectures_CU_2569_AM_2_1,1_pxc3qs10||1_deh5m88r||1_96569xv0,http://hdl.handle.net/1813/43452,
3600906,CUL_Lectures_CU_2007_AM_1_1 | CUL_Lectures_CU_2007_AM_1_2,1_9sxvsg4v||1_jdzmo4qf,http://hdl.handle.net/1813/43415,
3604611,CUL_Lectures_CU_2086_AM_1_1 | CUL_Lectures_CU_2086_AM_1_2 | CUL_Lectures_CU_2086_AM_2_1,1_4y0f8h42||1_is3t9q41||1_temd0nq7,http://hdl.handle.net/1813/43419,
3600457,CUL_Lectures_CU_2578_AM_1_1 | CUL_Lectures_CU_2578_AM_1_2,1_lldo53q6||1_jtx4xqeu,http://hdl.handle.net/1813/43454,
3600168,CUL_Lectures_CU_2430_AM_1_1 | CUL_Lectures_CU_2430_AM_1_2,1_xsjw2sr0||1_5284i4h1,http://hdl.handle.net/1813/43441,
3601081,CUL_Lectures_CU_1806_AM_1_1 | CUL_Lectures_CU_1806_AM_1_2,1_ly2s955m||1_a0lul2dz,http://hdl.handle.net/1813/43397,
3600899,CUL_Lectures_CU_2010_AM_1_1 | CUL_Lectures_CU_2010_AM_1_2,1_4xr3y1f2||1_vs1vr3ny,http://hdl.handle.net/1813/43416,
3601147,CUL_Lectures_CU_1757_AM_1_1 | CUL_Lectures_CU_1757_AM_1_2,1_h1kb4ai4||1_66vmji8t,http://hdl.handle.net/1813/43389,
3600199,CUL_Lectures_CU_2213_AM_1_1 | CUL_Lectures_CU_2213_AM_1_2,1_fzzyguuq||1_pycbanlp,http://hdl.handle.net/1813/43431,
3601074,CUL_Lectures_CU_1799_AM_1_1 | CUL_Lectures_CU_1799_AM_1_2,1_ve3dn622||1_p5murkne,http://hdl.handle.net/1813/43395,
3600513,CUL_Lectures_CU_2210_AM_1_1 | CUL_Lectures_CU_2210_AM_1_2,1_q9qkh66n||1_kx1gqz94,http://hdl.handle.net/1813/43430,
3600787,CUL_Lectures_CU_2133_AM_1_1 | CUL_Lectures_CU_2133_AM_1_2,1_ggqlgc2v||1_5eu5mnoe,http://hdl.handle.net/1813/43421,
3601073,CUL_Lectures_CU_1798_AM_1_1 | CUL_Lectures_CU_1798_AM_1_2,1_q6dp9f8f||1_cqfb1b1k,http://hdl.handle.net/1813/43394,
3600716,CUL_Lectures_CU_2199_AM_1_1,1_y5jrscu7,http://hdl.handle.net/1813/43424,
3600848,CUL_Lectures_CU_2078_AM_1_1 | CUL_Lectures_CU_2078_AM_1_2,1_lvopsyhs||1_741q16sn,http://hdl.handle.net/1813/43418,
3600492,CUL_Lectures_CU_2565_AM_1_1 | CUL_Lectures_CU_2565_AM_1_2,1_n7aco6z2||1_qcb3zv3k,http://hdl.handle.net/1813/43451,
3600944,CUL_Lectures_CU_1952_AM_1_1,1_pn3hvp5o,http://hdl.handle.net/1813/43409,
3600936,CUL_Lectures_CU_1961_AM_1_1 | CUL_Lectures_CU_1961_AM_1_2,1_yd1jbguc||1_9jmq5cy1,http://hdl.handle.net/1813/43411,
3600511,CUL_Lectures_CU_2200_AM_1_1 | CUL_Lectures_CU_2200_AM_1_2,1_wj75w88l||1_5y1zou4j,http://hdl.handle.net/1813/43425,
3601148,CUL_Lectures_CU_1758_AM_1_1 | CUL_Lectures_CU_1758_AM_1_2 | CUL_Lectures_CU_1758_AM_2_1 | CUL_Lectures_CU_1758_AM_2_2,1_ch8muk1o||1_5yim92rb||1_pcr4mr05||1_qydv6vfe,http://hdl.handle.net/1813/43390,
3600509,CUL_Lectures_CU_2202_AM_1_1 | CUL_Lectures_CU_2202_AM_1_2,1_grzgwz0j||1_t9fawh2l,http://hdl.handle.net/1813/43427,
3600510,CUL_Lectures_CU_2201_AM_1_1 | CUL_Lectures_CU_2201_AM_1_2,1_rl1tev1r||1_7cwo4das,http://hdl.handle.net/1813/43426,
3600525,CUL_Lectures_CU_2545_AM_1_1 | CUL_Lectures_CU_2545_AM_1_2,1_7fahk8ue||1_2h34l14k,http://hdl.handle.net/1813/43447,
3600512,CUL_Lectures_CU_2209_AM_1_1 | CUL_Lectures_CU_2209_AM_1_2,1_wq6a4j3e||1_wooakn33,http://hdl.handle.net/1813/43429,
3600639,CUL_Lectures_CU_2754_AM_1_1,1_zkcg9k3p,http://hdl.handle.net/1813/43467,
3603360,CUL_Lectures_CU_3396_AM_1_1 | CUL_Lectures_CU_3396_AM_1_2 | CUL_Lectures_CU_3396_AM_2_1,1_c3me401b||1_y6ezaz62||1_odcteqfz,http://hdl.handle.net/1813/43516,
3604366,CUL_Lectures_CU_4683_AM_1_1 | CUL_Lectures_CU_4683_AM_1_2,1_j7qf7bd1||1_f4e18j5q,http://hdl.handle.net/1813/43538,
3603352,CUL_Lectures_CU_4633_AM_1_1,1_9h6tr2y4,http://hdl.handle.net/1813/43537,
3602653,CUL_Lectures_CU_4606_AM_1_1 | CUL_Lectures_CU_4606_AM_1_2 | CUL_Lectures_CU_4606_AM_2_1 | CUL_Lectures_CU_4606_AM_2_2,1_zxhg8lmg||1_lvwm4ijh||1_2shil25z||1_4p8uqitr,http://hdl.handle.net/1813/43536,
3602643,CUL_Lectures_CU_4605_AM_1_1 | CUL_Lectures_CU_4605_AM_1_2 | CUL_Lectures_CU_4605_AM_2_1,1_xqmipl6k||1_6rugmc2x||1_6kt7w2el,http://hdl.handle.net/1813/43535,
3604195,CUL_Lectures_CU_4446_AM_1_1 | CUL_Lectures_CU_4446_AM_1_2,1_zt0tbbl9||1_qz8cfpvf,http://hdl.handle.net/1813/43534,
3604223,CUL_Lectures_CU_4444_AM_1_1 | CUL_Lectures_CU_4444_AM_1_2,1_wpulqgi0||1_kp8su45w,http://hdl.handle.net/1813/43533,
3604197,CUL_Lectures_CU_4430_AM_1_1 | CUL_Lectures_CU_4430_AM_1_2,1_r2h6duld||1_5gw2pcbp,http://hdl.handle.net/1813/43532,
3604200,CUL_Lectures_CU_4417_AM_1_1 | CUL_Lectures_CU_4417_AM_1_2,1_eaz3v6b2||1_o0r5ln25,http://hdl.handle.net/1813/43531,
3604158,CUL_Lectures_CU_4416_AM_1_1,1_v2mpybkp,http://hdl.handle.net/1813/43530,
3604609,CUL_Lectures_CU_1987_AM_1_1 | CUL_Lectures_CU_1987_AM_1_2,1_1b7n8g9v||1_hknzm402,http://hdl.handle.net/1813/43413,
3600526,CUL_Lectures_CU_2540_AM_1_1 | CUL_Lectures_CU_2540_AM_1_2,1_juoofz79||1_kiawmmps,http://hdl.handle.net/1813/43446,
3601102,CUL_Lectures_CU_1816_AM_1_1 | CUL_Lectures_CU_1816_AM_1_2,1_6a4dug5r||1_1l313num,http://hdl.handle.net/1813/43398,
3600721,CUL_Lectures_CU_1879_AM_1_1 | CUL_Lectures_CU_1879_AM_1_2,1_5gwabvta||1_pis8lrdj,http://hdl.handle.net/1813/43405,
3600742,CUL_Lectures_CU_1847_AM_1_1 | CUL_Lectures_CU_1847_AM_1_2,1_ecevtj8a||1_qbbx7qud,http://hdl.handle.net/1813/43403,
3600701,CUL_Lectures_CU_2526_AM_1_1 | CUL_Lectures_CU_2526_AM_1_2,1_kdtas6ka||1_zjx4u6hh,http://hdl.handle.net/1813/43445,
3600415,CUL_Lectures_CU_2517_AM_1_1 | CUL_Lectures_CU_2517_AM_1_2,1_p7dlp2qm||1_orrvpeom,http://hdl.handle.net/1813/43444,
3601076,CUL_Lectures_CU_1801_AM_1_1 | CUL_Lectures_CU_1801_AM_1_2,1_bm8hhf9d||1_tj7zm5ai,http://hdl.handle.net/1813/43396,
3600211,CUL_Lectures_CU_2367_AM_1_1 | CUL_Lectures_CU_2367_AM_1_2 | CUL_Lectures_CU_2367_AM_2_1,1_aef6tegq||1_drhyla14||1_1jlrcwzd,http://hdl.handle.net/1813/43438,
3601138,CUL_Lectures_CU_1747_AM_1_1,1_ubvnejvn,http://hdl.handle.net/1813/43387,
3601203,CUL_Lectures_CU_1731_AM_1_1,1_4d3lcq1h,http://hdl.handle.net/1813/43385,
3600496,CUL_Lectures_CU_2215_AM_1_1 | CUL_Lectures_CU_2215_AM_1_2,1_o005ee4f||1_v6j53ktr,http://hdl.handle.net/1813/43432,
3601227,CUL_Lectures_CU_1723_AM_2_1 | CUL_Lectures_CU_1723_AM_2_2,1_pfu7awma||1_nz5umtqu,http://hdl.handle.net/1813/43384,
3600289,CUL_Lectures_CU_2509_AM_1_1 | CUL_Lectures_CU_2509_AM_1_2,1_9ovqhy8v||1_saeh8fdu,http://hdl.handle.net/1813/43443,
3600213,CUL_Lectures_CU_2313_AM_1_1 | CUL_Lectures_CU_2313_AM_1_2 | CUL_Lectures_CU_2313_AM_2_1,1_nog0yeby||1_63060uiq||1_brucm4bu,http://hdl.handle.net/1813/43437,
3600250,CUL_Lectures_CU_2486_AM_1_1 | CUL_Lectures_CU_2486_AM_1_2,1_brez3g6p||1_vjj07x2p,http://hdl.handle.net/1813/43442,
3600236,CUL_Lectures_CU_2309_AM_1_1 | CUL_Lectures_CU_2309_AM_1_2,1_d5dgspna||1_mpt7pr9i,http://hdl.handle.net/1813/43436,
3601050,CUL_Lectures_CU_1825_AM_1_1 | CUL_Lectures_CU_1825_AM_1_2,1_0zma0xze||1_z1vnlgkl,http://hdl.handle.net/1813/43399,
3600904,CUL_Lectures_CU_2015_AM_1_1 | CUL_Lectures_CU_2015_AM_1_2,1_m02fyt8t||1_rb67c0oi,http://hdl.handle.net/1813/43417,
3600203,CUL_Lectures_CU_2253_AM_1_1 | CUL_Lectures_CU_2253_AM_1_2,1_9u68cuo1||1_2urcwki2,http://hdl.handle.net/1813/43434,
3601059,CUL_Lectures_CU_1836_AM_1_1 | CUL_Lectures_CU_1836_AM_1_2,1_b10zrd2z||1_0l7g19eq,http://hdl.handle.net/1813/43401,
3600435,CUL_Lectures_CU_2561_AM_1_1 | CUL_Lectures_CU_2561_AM_1_2,1_r2wdo7c2||1_9je9nvpx,http://hdl.handle.net/1813/43450,
3601019,CUL_Lectures_CU_1862_AM_1_1 | CUL_Lectures_CU_1862_AM_1_2,1_d4nkliv2||1_zav3420r,http://hdl.handle.net/1813/43404,
3604600,CUL_Lectures_CU_1785_AM_1_1,1_tyx2sdzt,http://hdl.handle.net/1813/43393,
3600800,CUL_Lectures_CU_2163_AM_1_1 | CUL_Lectures_CU_2163_AM_1_2,1_bsyo2b68||1_orzz47ia,http://hdl.handle.net/1813/43423,
3600907,CUL_Lectures_CU_2002_AM_1_1 | CUL_Lectures_CU_2002_AM_1_2,1_54sheu4p||1_9km5d2dx,http://hdl.handle.net/1813/43414,
3600993,CUL_Lectures_CU_1931_AM_1_1 | CUL_Lectures_CU_1931_AM_1_2,1_kjwa3ild||1_yfz0cmkz,http://hdl.handle.net/1813/43407,
3600847,CUL_Lectures_CU_2109_AM_1_1 | CUL_Lectures_CU_2109_AM_1_2,1_23yl6w0r||1_vggaymd7,http://hdl.handle.net/1813/43420,
3604601,CUL_Lectures_CU_1829_AM_1_1 | CUL_Lectures_CU_1829_AM_1_2,1_36jol0ps||1_fb6m9ihc,http://hdl.handle.net/1813/43400,
3600414,CUL_Lectures_CU_2575_AM_1_1 | CUL_Lectures_CU_2575_AM_1_2,1_cyv7uma4||1_k4yqak2i,http://hdl.handle.net/1813/43453,
3601134,CUL_Lectures_CU_1723_AM_1_1 | CUL_Lectures_CU_1723_AM_1_2,1_yxbun3c6||1_3ye5343z,http://hdl.handle.net/1813/43383,
3600516,CUL_Lectures_CU_2208_AM_1_1 | CUL_Lectures_CU_2208_AM_1_2,1_z42jpjen||1_us0pu1th,http://hdl.handle.net/1813/43428,
3600322,CUL_Lectures_CU_2254_AM_1_1 | CUL_Lectures_CU_2254_AM_1_2,1_wtrtt08d||1_3kd3laup,http://hdl.handle.net/1813/43435,
3600161,CUL_Lectures_CU_2400_AM_1_1 | CUL_Lectures_CU_2400_AM_1_2,1_7svhr9rg||1_hqrpjdzu,http://hdl.handle.net/1813/43439,
3601137,CUL_Lectures_CU_1746_AM_1_1,1_zxm6py9v,http://hdl.handle.net/1813/43386,
3600401,CUL_Lectures_CU_2234_AM_1_1 | CUL_Lectures_CU_2234_AM_1_2,1_2lggjv0s||1_yok14km7,http://hdl.handle.net/1813/43433,
3600696,CUL_Lectures_CU_2554_AM_1_1 | CUL_Lectures_CU_2554_AM_1_2,1_ioapk3x4||1_7cybr008,http://hdl.handle.net/1813/43449,
3601141,CUL_Lectures_CU_1751_AM_1_1 | CUL_Lectures_CU_1751_AM_1_2,1_esbyz33l||1_6htt0prf,http://hdl.handle.net/1813/43388,
3601042,CUL_Lectures_CU_1839_AM_1_1 | CUL_Lectures_CU_1839_AM_1_2,1_6f7hbfd8||1_056pe7x9,http://hdl.handle.net/1813/43402,
3600091,CUL_Lectures_CU_2411_AM_1_1 | CUL_Lectures_CU_2411_AM_1_2,1_xne36r43||1_01xl7li0,http://hdl.handle.net/1813/43440,
3600942,CUL_Lectures_CU_1954_AM_1_1 | CUL_Lectures_CU_1954_AM_1_2,1_qudy3383||1_nuypn2lu,http://hdl.handle.net/1813/43410,
3600924,CUL_Lectures_CU_1984_AM_1_1 | CUL_Lectures_CU_1984_AM_1_2,1_mvmsil4i||1_0zsj0bas,http://hdl.handle.net/1813/43412,
3601159,CUL_Lectures_CU_1776_AM_1_1,1_gbeim854,http://hdl.handle.net/1813/43391,
3601009,CUL_Lectures_CU_1899_AM_1_1 | CUL_Lectures_CU_1899_AM_1_2,1_r4uxuwu9||1_6q4j3prk,http://hdl.handle.net/1813/43406,
3601991,CUL_Lectures_CU_2934_AM_1_1 | CUL_Lectures_CU_2934_AM_1_2,1_24ydmvah||1_kc479rvd,http://hdl.handle.net/1813/43486,
3603541,CUL_Lectures_CU_3618_AM_1_1 | CUL_Lectures_CU_3618_AM_1_2,1_15rwjee3||1_d1fo4f48,http://hdl.handle.net/1813/43520,
3602031,CUL_Lectures_CU_2976_AM_1_1 | CUL_Lectures_CU_2976_AM_1_2,1_3z4uvis9||1_n6s81jau,http://hdl.handle.net/1813/43494,
3600420,CUL_Lectures_CU_2582_AM_1_1 | CUL_Lectures_CU_2582_AM_1_2,1_wjdvyabi||1_hznp9ikr,http://hdl.handle.net/1813/43456,
3601778,CUL_Lectures_CU_3108_AM_1_1,1_vk4hbl66,http://hdl.handle.net/1813/43504,
3600703,CUL_Lectures_CU_2742_AM_1_1 | CUL_Lectures_CU_2742_AM_1_2 | CUL_Lectures_CU_2742_AM_2_1,1_i9ndsr2p||1_yhjmqu3t||1_13g2lxq8,http://hdl.handle.net/1813/43465,
3603508,CUL_Lectures_CU_3575_AM_1_1 | CUL_Lectures_CU_3575_AM_1_2,1_1ygkq9zd||1_71o483ag,http://hdl.handle.net/1813/43519,
3603646,CUL_Lectures_CU_3563_AM_1_1 | CUL_Lectures_CU_3563_AM_1_2,1_ybcqmzcl||1_6z5x4ov0,http://hdl.handle.net/1813/43518,
3600545,CUL_Lectures_CU_2664_AM_1_1,1_9m0h7fug,http://hdl.handle.net/1813/43460,
3601944,CUL_Lectures_CU_2884_AM_1_1 | CUL_Lectures_CU_2884_AM_1_2,1_5o3ojxwm||1_1ycbi3o4,http://hdl.handle.net/1813/43479,
3603452,CUL_Lectures_CU_3518_AM_1_1 | CUL_Lectures_CU_3518_AM_1_2 | CUL_Lectures_CU_3518_AM_2_1,1_qpse8gdu||1_doaryrkq||1_v57jynkh,http://hdl.handle.net/1813/43517,
3603273,CUL_Lectures_CU_3335_AM_1_1 | CUL_Lectures_CU_3335_AM_1_2,1_0pauwvr7||1_hd47b98l,http://hdl.handle.net/1813/43515,
3600626,CUL_Lectures_CU_2745_AM_1_1 | CUL_Lectures_CU_2745_AM_1_2,1_8uqj821q||1_h0dfto61,http://hdl.handle.net/1813/43466,
3601981,CUL_Lectures_CU_2924_AM_1_1 | CUL_Lectures_CU_2924_AM_1_2,1_alo2mc59||1_y5nebuig,http://hdl.handle.net/1813/43484,
3604647,CUL_Lectures_CU_3202_AM_1_1,1_o5miq2g0,http://hdl.handle.net/1813/43514,
3604641,CUL_Lectures_CU_3193_AM_1_1 | CUL_Lectures_CU_3193_AM_1_2,1_dlbgza1c||1_gpkou6dx,http://hdl.handle.net/1813/43513,
3601971,CUL_Lectures_CU_2913_AM_1_1 | CUL_Lectures_CU_2913_AM_1_2,1_l4kf438u||1_bdktngrb,http://hdl.handle.net/1813/43483,
3601766,CUL_Lectures_CU_3096_AM_1_1,1_fqth1q5o,http://hdl.handle.net/1813/43502,
3600372,CUL_Lectures_CU_2614_AM_1_1 | CUL_Lectures_CU_2614_AM_1_2,1_9qqyy2p8||1_es4ohndj,http://hdl.handle.net/1813/43458,
3602025,CUL_Lectures_CU_2970_AM_1_1 | CUL_Lectures_CU_2970_AM_1_2,1_ydhy4e06||1_paplvp59,http://hdl.handle.net/1813/43491,
3602403,CUL_Lectures_CU_3117_AM_1_1 | CUL_Lectures_CU_3117_AM_1_2 | CUL_Lectures_CU_3117_AM_2_1,1_2k5p99mn||1_s928y347||1_tw8ohz43,http://hdl.handle.net/1813/43506,
3602159,CUL_Lectures_CU_3186_AM_1_1 | CUL_Lectures_CU_3186_AM_1_2 | CUL_Lectures_CU_3186_AM_2_1,1_mde8zhb0||1_n41psf67||1_uj0cvxx8,http://hdl.handle.net/1813/43512,
3600428,CUL_Lectures_CU_2587_AM_1_1,1_ctt2k1de,http://hdl.handle.net/1813/43457,
3602158,CUL_Lectures_CU_3185_AM_1_1 | CUL_Lectures_CU_3185_AM_1_2 | CUL_Lectures_CU_3185_AM_2_1 | CUL_Lectures_CU_3185_AM_2_2,1_l079mtco||1_4um1nt8y||1_aezda17n||1_9uzydeqt,http://hdl.handle.net/1813/43511,
3602413,CUL_Lectures_CU_3178_AM_1_1 | CUL_Lectures_CU_3178_AM_1_2 | CUL_Lectures_CU_3178_AM_2_1 | CUL_Lectures_CU_3178_AM_2_2 | CUL_Lectures_CU_3178_AM_3_1 | CUL_Lectures_CU_3178_AM_3_2 | CUL_Lectures_CU_3178_AM_4_1,1_5xiaby1s||1_4nsv1vvl||1_46nw6y87||1_s9s7g0bi||1_gbxn03wd||1_su5b4ms6||1_fyap66je,http://hdl.handle.net/1813/43510,
3601956,CUL_Lectures_CU_2896_AM_1_1 | CUL_Lectures_CU_2896_AM_1_2,1_wdn40ufw||1_9wcr3sm3,http://hdl.handle.net/1813/43480,
3601784,CUL_Lectures_CU_3114_AM_1_1 | CUL_Lectures_CU_3114_AM_1_2 | CUL_Lectures_CU_3114_AM_2_1,1_c5s6gqvx||1_c1o2gxqm||1_b8ufg7te,http://hdl.handle.net/1813/43505,
3602135,CUL_Lectures_CU_3149_AM_1_1,1_8fz0qytx,http://hdl.handle.net/1813/43509,
3601802,CUL_Lectures_CU_3135_AM_1_1 | CUL_Lectures_CU_3135_AM_1_2,1_9ods7bfv||1_oqr7q4ao,http://hdl.handle.net/1813/43508,
3601962,CUL_Lectures_CU_2902_AM_1_1,1_tigs58rt,http://hdl.handle.net/1813/43481,
3600601,CUL_Lectures_CU_2785_AM_1_1,1_4abys15z,http://hdl.handle.net/1813/43470,
3602006,CUL_Lectures_CU_2950_AM_1_1 | CUL_Lectures_CU_2950_AM_1_2,1_qfgsqqb1||1_dj0ym8pb,http://hdl.handle.net/1813/43489,
3602012,CUL_Lectures_CU_2956_AM_1_1,1_opr1hsri,http://hdl.handle.net/1813/43490,
3601941,CUL_Lectures_CU_2881_AM_1_1,1_op6j4rkq,http://hdl.handle.net/1813/43478,
3601925,CUL_Lectures_CU_2860_AM_1_1 | CUL_Lectures_CU_2860_AM_1_2,1_qngnf8ny||1_eylchqse,http://hdl.handle.net/1813/43477,
3601722,CUL_Lectures_CU_3044_AM_1_1 | CUL_Lectures_CU_3044_AM_1_2,1_v4za7lyz||1_zz3karf4,http://hdl.handle.net/1813/43500,
3602058,CUL_Lectures_CU_3004_AM_1_1 | CUL_Lectures_CU_3004_AM_1_2 | CUL_Lectures_CU_3004_AM_2_1,1_arzw7nmh||1_brqgpkkd||1_5q6tdddy,http://hdl.handle.net/1813/43499,
3600610,CUL_Lectures_CU_2796_AM_1_1 | CUL_Lectures_CU_2796_AM_1_2,1_imcnwksd||1_ygb4v5at,http://hdl.handle.net/1813/43473,
3600646,CUL_Lectures_CU_2762_AM_1_1 | CUL_Lectures_CU_2762_AM_1_2,1_2be3rp1x||1_fje39gvc,http://hdl.handle.net/1813/43468,
3601967,CUL_Lectures_CU_2908_AM_1_1 | CUL_Lectures_CU_2908_AM_1_2,1_ph2tq16r||1_jazeidpc,http://hdl.handle.net/1813/43482,
3602002,CUL_Lectures_CU_2946_AM_1_1 | CUL_Lectures_CU_2946_AM_1_2,1_ohcb6n5j||1_xd2zkvsp,http://hdl.handle.net/1813/43488,
3601773,CUL_Lectures_CU_3103_AM_1_1 | CUL_Lectures_CU_3103_AM_1_2 | CUL_Lectures_CU_3103_AM_2_1,1_kl5c8il6||1_7gxlg3wa||1_nha0dxfz,http://hdl.handle.net/1813/43503,
3600395,CUL_Lectures_CU_2699_AM_1_1 | CUL_Lectures_CU_2699_AM_1_2,1_3dzdxr5t||1_ir0fizr8,http://hdl.handle.net/1813/43463,
3602047,CUL_Lectures_CU_2993_AM_1_1 | CUL_Lectures_CU_2993_AM_1_2 | CUL_Lectures_CU_2993_AM_2_1 | CUL_Lectures_CU_2993_AM_2_2,1_bzx5um7z||1_zjpq84v3||1_ogji28zr||1_edaa0slv,http://hdl.handle.net/1813/43495,
3602029,CUL_Lectures_CU_2974_AM_1_1 | CUL_Lectures_CU_2974_AM_1_2,1_e1rdvizz||1_zz5p6zyx,http://hdl.handle.net/1813/43493,
3601920,CUL_Lectures_CU_2855_AM_1_1 | CUL_Lectures_CU_2855_AM_1_2 | CUL_Lectures_CU_2855_AM_2_1,1_c8f9oit1||1_zm00oa9k||1_ywchv00e,http://hdl.handle.net/1813/43476,
3601915,CUL_Lectures_CU_2849_AM_1_1,1_tmq91a3o,http://hdl.handle.net/1813/43475,
3601667,CUL_Lectures_CU_2817_AM_1_1 | CUL_Lectures_CU_2817_AM_1_2,1_nll57pj6||1_s9qpyotv,http://hdl.handle.net/1813/43474,
3600593,CUL_Lectures_CU_2768_AM_1_1 | CUL_Lectures_CU_2768_AM_1_2,1_5ll4569j||1_1p45r8d4,http://hdl.handle.net/1813/43469,
3602054,CUL_Lectures_CU_3000_AM_1_1,1_9nwzamle,http://hdl.handle.net/1813/43497,
3600678,CUL_Lectures_CU_2731_AM_1_1 | CUL_Lectures_CU_2731_AM_1_2,1_3knrscui||1_lvyl2kpl,http://hdl.handle.net/1813/43464,
3602048,CUL_Lectures_CU_2994_AM_1_1,1_k80p6ida,http://hdl.handle.net/1813/43496,
3602057,CUL_Lectures_CU_3003_AM_1_1 | CUL_Lectures_CU_3003_AM_1_2,1_1sshjjsk||1_wv716opi,http://hdl.handle.net/1813/43498,
3601796,CUL_Lectures_CU_3128_AM_1_1 | CUL_Lectures_CU_3128_AM_1_2 | CUL_Lectures_CU_3128_AM_2_1,1_ll048b93||1_w8yl15jg||1_t3xi1wkq,http://hdl.handle.net/1813/43507,
3600603,CUL_Lectures_CU_2791_AM_1_1 | CUL_Lectures_CU_2791_AM_2_1,1_ojmzcu1j||1_eqs4i8hl,http://hdl.handle.net/1813/43472,
3600679,CUL_Lectures_CU_2789_AM_1_1 | CUL_Lectures_CU_2789_AM_1_2,1_kr4fmrl1||1_4txhwklx,http://hdl.handle.net/1813/43471,
3601985,CUL_Lectures_CU_2928_AM_1_1 | CUL_Lectures_CU_2928_AM_1_2,1_e8kvlqba||1_ephebcsf,http://hdl.handle.net/1813/43485,
3600575,CUL_Lectures_CU_2658_AM_1_1 | CUL_Lectures_CU_2658_AM_1_2,1_qmbu8777||1_1a2743g3,http://hdl.handle.net/1813/43459,
3601741,CUL_Lectures_CU_3063_AM_1_1 | CUL_Lectures_CU_3063_AM_1_2,1_ryrnvg06||1_ss1irgop,http://hdl.handle.net/1813/43501,
3602028,CUL_Lectures_CU_2973_AM_1_1 | CUL_Lectures_CU_2973_AM_1_2,1_nvisayn9||1_f5pdgmj4,http://hdl.handle.net/1813/43492,
3600375,CUL_Lectures_CU_2682_AM_1_1 | CUL_Lectures_CU_2682_AM_1_2,1_8oa9on3e||1_re4mdpug,http://hdl.handle.net/1813/43462,
3601994,CUL_Lectures_CU_2937_AM_1_1 | CUL_Lectures_CU_2937_AM_1_2,1_ch7mou71||1_ump9datr,http://hdl.handle.net/1813/43487,
3600554,CUL_Lectures_CU_2672_AM_1_1 | CUL_Lectures_CU_2672_AM_1_2,1_ruacqx8g||1_glz4ouk0,http://hdl.handle.net/1813/43461,
3604157,CUL_Lectures_CU_4415_AM_1_1 | CUL_Lectures_CU_4415_AM_1_2,1_f8f9ttgy||1_3jqhn1tm,http://hdl.handle.net/1813/43529,
3604156,CUL_Lectures_CU_4414_AM_1_1 | CUL_Lectures_CU_4414_AM_1_2,1_qlhpon0a||1_7h6eteid,http://hdl.handle.net/1813/43528,
3604155,CUL_Lectures_CU_4413_AM_1_1 | CUL_Lectures_CU_4413_AM_1_2,1_ydn0gusd||1_0hgig78x,http://hdl.handle.net/1813/43527,
3604151,CUL_Lectures_CU_4409_AM_1_1,1_pixnpt1u,http://hdl.handle.net/1813/43526,
3604446,CUL_Lectures_CU_4255_AM_1_1 | CUL_Lectures_CU_4255_AM_1_2,1_pi108jle||1_whq1s2br,http://hdl.handle.net/1813/43525,
3603717,CUL_Lectures_CU_3892_AM_1_1 | CUL_Lectures_CU_3892_AM_1_2,1_22i7gwx7||1_csejdw0w,http://hdl.handle.net/1813/43524,
3603786,CUL_Lectures_CU_3735_AM_1_1 | CUL_Lectures_CU_3735_AM_1_2,1_q5dcm9k0||1_6du5qg3m,http://hdl.handle.net/1813/43523,
3603750,CUL_Lectures_CU_3718_AM_1_1 | CUL_Lectures_CU_3718_AM_1_2,1_thr3aew5||1_dwyy5ldq,http://hdl.handle.net/1813/43522,
3603543,CUL_Lectures_CU_3622_AM_1_1 | CUL_Lectures_CU_3622_AM_1_2,1_n265nfd9||1_zs0mvcmk,http://hdl.handle.net/1813/43521,
3602692,CUL_Lectures_CU_685_09_AM_1_1 | CUL_Lectures_CU_685_09_AM_1_2,1_joqtbabd||1_yz0efut3,http://hdl.handle.net/1813/43547,
3605552,CUL_Lectures_CU_5637_AM_1_1 | CUL_Lectures_CU_5637_AM_1_2 | CUL_Lectures_CU_5637_AM_2_1,1_04wuvrku||1_eumvcc6x||1_550jh2qc,http://hdl.handle.net/1813/43546,
3605550,CUL_Lectures_CU_5635_AM_1_1 | CUL_Lectures_CU_5635_AM_1_2 | CUL_Lectures_CU_5635_AM_2_1,1_w4gyq5a3||1_fviiiv39||1_h0rczolf,http://hdl.handle.net/1813/43545,
3605543,CUL_Lectures_CU_5628_AM_1_1 | CUL_Lectures_CU_5628_AM_1_2,1_0dxj1b8g||1_wbh0owx4,http://hdl.handle.net/1813/43544,
3605514,CUL_Lectures_CU_5599_AM_1_1 | CUL_Lectures_CU_5599_AM_1_2 | CUL_Lectures_CU_5599_AM_2_1,1_d7eof0uk||1_vkvpwomp||1_lktxqp6j,http://hdl.handle.net/1813/43543,
3605332,CUL_Lectures_CU_5465_AM_1_1 | CUL_Lectures_CU_5465_AM_1_2 | CUL_Lectures_CU_5465_AM_2_1,1_rf21ee7j||1_6gu8c5r0||1_5xr6sgkg,http://hdl.handle.net/1813/43542,
3605219,CUL_Lectures_CU_5138_AM_1_1 | CUL_Lectures_CU_5138_AM_1_2,1_abu1ayv2||1_473gyghn,http://hdl.handle.net/1813/43541,
3604984,CUL_Lectures_CU_5047_AM_1_1 | CUL_Lectures_CU_5047_AM_1_2,1_u0elfog1||1_3325b07j,http://hdl.handle.net/1813/43540,
3604914,CUL_Lectures_CU_4977_AM_1_1 | CUL_Lectures_CU_4977_AM_1_2,1_u38is2wp||1_i1p398sn,http://hdl.handle.net/1813/43539,
