bibid,handle
1299035,http://hdl.handle.net/1813/43317
3601096,http://hdl.handle.net/1813/42948
3600547,http://hdl.handle.net/1813/42949
1299685,http://hdl.handle.net/1813/43318
3600598,http://hdl.handle.net/1813/42950
1299748,http://hdl.handle.net/1813/43319
3604526,http://hdl.handle.net/1813/43320
3602689,http://hdl.handle.net/1813/43321
3602693,http://hdl.handle.net/1813/43323
3602616,http://hdl.handle.net/1813/43325
3602748,http://hdl.handle.net/1813/43324
3602582,http://hdl.handle.net/1813/43326
3602373,http://hdl.handle.net/1813/43328
3602691,http://hdl.handle.net/1813/43322
3602617,http://hdl.handle.net/1813/43327
3602200,http://hdl.handle.net/1813/43329
3602318,http://hdl.handle.net/1813/43330
3601684,http://hdl.handle.net/1813/43332
3602112,http://hdl.handle.net/1813/43331
3601554,http://hdl.handle.net/1813/43347
3601424,http://hdl.handle.net/1813/43352
3601895,http://hdl.handle.net/1813/43335
3601375,http://hdl.handle.net/1813/43361
3601647,http://hdl.handle.net/1813/43340
3601518,http://hdl.handle.net/1813/43344
3601348,http://hdl.handle.net/1813/43357
3601373,http://hdl.handle.net/1813/43360
3601498,http://hdl.handle.net/1813/43342
3601389,http://hdl.handle.net/1813/43350
3601570,http://hdl.handle.net/1813/43349
3601299,http://hdl.handle.net/1813/43365
3601360,http://hdl.handle.net/1813/43359
3601455,http://hdl.handle.net/1813/43353
3601627,http://hdl.handle.net/1813/43337
3604586,http://hdl.handle.net/1813/43370
3601632,http://hdl.handle.net/1813/43338
3601415,http://hdl.handle.net/1813/43351
3601523,http://hdl.handle.net/1813/43345
3604576,http://hdl.handle.net/1813/43346
3601378,http://hdl.handle.net/1813/43362
3601559,http://hdl.handle.net/1813/43348
3601337,http://hdl.handle.net/1813/43366
3601310,http://hdl.handle.net/1813/43369
3601108,http://hdl.handle.net/1813/43368
3601326,http://hdl.handle.net/1813/43367
3601474,http://hdl.handle.net/1813/43355
3601860,http://hdl.handle.net/1813/43334
3601499,http://hdl.handle.net/1813/43343
3601458,http://hdl.handle.net/1813/43354
3601313,http://hdl.handle.net/1813/43364
3601822,http://hdl.handle.net/1813/43333
3601638,http://hdl.handle.net/1813/43339
3601352,http://hdl.handle.net/1813/43358
3601114,http://hdl.handle.net/1813/43336
3602463,http://hdl.handle.net/1813/43363
3601347,http://hdl.handle.net/1813/43356
3601488,http://hdl.handle.net/1813/43341
3601343,http://hdl.handle.net/1813/43371
3601190,http://hdl.handle.net/1813/43374
3601191,http://hdl.handle.net/1813/43373
3601188,http://hdl.handle.net/1813/43375
3601123,http://hdl.handle.net/1813/43372
3601185,http://hdl.handle.net/1813/43376
3601183,http://hdl.handle.net/1813/43378
3604597,http://hdl.handle.net/1813/43380
3601232,http://hdl.handle.net/1813/43381
3601213,http://hdl.handle.net/1813/43379
3601184,http://hdl.handle.net/1813/43377
3600299,http://hdl.handle.net/1813/43422
3600419,http://hdl.handle.net/1813/43448
3600735,http://hdl.handle.net/1813/43408
3601231,http://hdl.handle.net/1813/43382
3600474,http://hdl.handle.net/1813/43455
3600470,http://hdl.handle.net/1813/43452
3600906,http://hdl.handle.net/1813/43415
3604611,http://hdl.handle.net/1813/43419
3600457,http://hdl.handle.net/1813/43454
3600168,http://hdl.handle.net/1813/43441
3601081,http://hdl.handle.net/1813/43397
3600899,http://hdl.handle.net/1813/43416
3601147,http://hdl.handle.net/1813/43389
3600199,http://hdl.handle.net/1813/43431
3601074,http://hdl.handle.net/1813/43395
3600513,http://hdl.handle.net/1813/43430
3600787,http://hdl.handle.net/1813/43421
3601073,http://hdl.handle.net/1813/43394
3600716,http://hdl.handle.net/1813/43424
3600848,http://hdl.handle.net/1813/43418
3600492,http://hdl.handle.net/1813/43451
3600944,http://hdl.handle.net/1813/43409
3600936,http://hdl.handle.net/1813/43411
3600511,http://hdl.handle.net/1813/43425
3601148,http://hdl.handle.net/1813/43390
3600509,http://hdl.handle.net/1813/43427
3600510,http://hdl.handle.net/1813/43426
3600525,http://hdl.handle.net/1813/43447
3600512,http://hdl.handle.net/1813/43429
3600639,http://hdl.handle.net/1813/43467
3603360,http://hdl.handle.net/1813/43516
3604366,http://hdl.handle.net/1813/43538
3603352,http://hdl.handle.net/1813/43537
3602653,http://hdl.handle.net/1813/43536
3602643,http://hdl.handle.net/1813/43535
3604195,http://hdl.handle.net/1813/43534
3604223,http://hdl.handle.net/1813/43533
3604197,http://hdl.handle.net/1813/43532
3604200,http://hdl.handle.net/1813/43531
3604158,http://hdl.handle.net/1813/43530
3604609,http://hdl.handle.net/1813/43413
3600526,http://hdl.handle.net/1813/43446
3601102,http://hdl.handle.net/1813/43398
3600721,http://hdl.handle.net/1813/43405
3600742,http://hdl.handle.net/1813/43403
3600701,http://hdl.handle.net/1813/43445
3600415,http://hdl.handle.net/1813/43444
3601076,http://hdl.handle.net/1813/43396
3600211,http://hdl.handle.net/1813/43438
3601138,http://hdl.handle.net/1813/43387
3601203,http://hdl.handle.net/1813/43385
3600496,http://hdl.handle.net/1813/43432
3601227,http://hdl.handle.net/1813/43384
3600289,http://hdl.handle.net/1813/43443
3600213,http://hdl.handle.net/1813/43437
3600250,http://hdl.handle.net/1813/43442
3600236,http://hdl.handle.net/1813/43436
3601050,http://hdl.handle.net/1813/43399
3600904,http://hdl.handle.net/1813/43417
3600203,http://hdl.handle.net/1813/43434
3601059,http://hdl.handle.net/1813/43401
3600435,http://hdl.handle.net/1813/43450
3601019,http://hdl.handle.net/1813/43404
3604600,http://hdl.handle.net/1813/43393
3600800,http://hdl.handle.net/1813/43423
3600907,http://hdl.handle.net/1813/43414
3600993,http://hdl.handle.net/1813/43407
3600847,http://hdl.handle.net/1813/43420
3604601,http://hdl.handle.net/1813/43400
3600414,http://hdl.handle.net/1813/43453
3601134,http://hdl.handle.net/1813/43383
3600516,http://hdl.handle.net/1813/43428
3600322,http://hdl.handle.net/1813/43435
3600161,http://hdl.handle.net/1813/43439
3601137,http://hdl.handle.net/1813/43386
3600401,http://hdl.handle.net/1813/43433
3600696,http://hdl.handle.net/1813/43449
3601141,http://hdl.handle.net/1813/43388
3601042,http://hdl.handle.net/1813/43402
3600091,http://hdl.handle.net/1813/43440
3600942,http://hdl.handle.net/1813/43410
3600924,http://hdl.handle.net/1813/43412
3601159,http://hdl.handle.net/1813/43391
3601009,http://hdl.handle.net/1813/43406
3601991,http://hdl.handle.net/1813/43486
3603541,http://hdl.handle.net/1813/43520
3602031,http://hdl.handle.net/1813/43494
3600420,http://hdl.handle.net/1813/43456
3601778,http://hdl.handle.net/1813/43504
3600703,http://hdl.handle.net/1813/43465
3603508,http://hdl.handle.net/1813/43519
3603646,http://hdl.handle.net/1813/43518
3600545,http://hdl.handle.net/1813/43460
3601944,http://hdl.handle.net/1813/43479
3603452,http://hdl.handle.net/1813/43517
3603273,http://hdl.handle.net/1813/43515
3600626,http://hdl.handle.net/1813/43466
3601981,http://hdl.handle.net/1813/43484
3604647,http://hdl.handle.net/1813/43514
3604641,http://hdl.handle.net/1813/43513
3601971,http://hdl.handle.net/1813/43483
3601766,http://hdl.handle.net/1813/43502
3600372,http://hdl.handle.net/1813/43458
3602025,http://hdl.handle.net/1813/43491
3602403,http://hdl.handle.net/1813/43506
3602159,http://hdl.handle.net/1813/43512
3600428,http://hdl.handle.net/1813/43457
3602158,http://hdl.handle.net/1813/43511
3602413,http://hdl.handle.net/1813/43510
3601956,http://hdl.handle.net/1813/43480
3601784,http://hdl.handle.net/1813/43505
3602135,http://hdl.handle.net/1813/43509
3601802,http://hdl.handle.net/1813/43508
3601962,http://hdl.handle.net/1813/43481
3600601,http://hdl.handle.net/1813/43470
3602006,http://hdl.handle.net/1813/43489
3602012,http://hdl.handle.net/1813/43490
3601941,http://hdl.handle.net/1813/43478
3601925,http://hdl.handle.net/1813/43477
3601722,http://hdl.handle.net/1813/43500
3602058,http://hdl.handle.net/1813/43499
3600610,http://hdl.handle.net/1813/43473
3600646,http://hdl.handle.net/1813/43468
3601967,http://hdl.handle.net/1813/43482
3602002,http://hdl.handle.net/1813/43488
3601773,http://hdl.handle.net/1813/43503
3600395,http://hdl.handle.net/1813/43463
3602047,http://hdl.handle.net/1813/43495
3602029,http://hdl.handle.net/1813/43493
3601920,http://hdl.handle.net/1813/43476
3601915,http://hdl.handle.net/1813/43475
3601667,http://hdl.handle.net/1813/43474
3600593,http://hdl.handle.net/1813/43469
3602054,http://hdl.handle.net/1813/43497
3600678,http://hdl.handle.net/1813/43464
3602048,http://hdl.handle.net/1813/43496
3602057,http://hdl.handle.net/1813/43498
3601796,http://hdl.handle.net/1813/43507
3600603,http://hdl.handle.net/1813/43472
3600679,http://hdl.handle.net/1813/43471
3601985,http://hdl.handle.net/1813/43485
3600575,http://hdl.handle.net/1813/43459
3601741,http://hdl.handle.net/1813/43501
3602028,http://hdl.handle.net/1813/43492
3600375,http://hdl.handle.net/1813/43462
3601994,http://hdl.handle.net/1813/43487
3600554,http://hdl.handle.net/1813/43461
3604157,http://hdl.handle.net/1813/43529
3604156,http://hdl.handle.net/1813/43528
3604155,http://hdl.handle.net/1813/43527
3604151,http://hdl.handle.net/1813/43526
3604446,http://hdl.handle.net/1813/43525
3603717,http://hdl.handle.net/1813/43524
3603786,http://hdl.handle.net/1813/43523
3603750,http://hdl.handle.net/1813/43522
3603543,http://hdl.handle.net/1813/43521
3602692,http://hdl.handle.net/1813/43547
3605552,http://hdl.handle.net/1813/43546
3605550,http://hdl.handle.net/1813/43545
3605543,http://hdl.handle.net/1813/43544
3605514,http://hdl.handle.net/1813/43543
3605332,http://hdl.handle.net/1813/43542
3605219,http://hdl.handle.net/1813/43541
3604984,http://hdl.handle.net/1813/43540
3604914,http://hdl.handle.net/1813/43539
