ID NUMBER,KALTURA ID,TITLE,Description,AccessionNumber
CUL_Lectures_CU_0268_AM_1_1,1_4u35qs4r,Has Watergate ruined Ford too?,"Stone, I. F. (Isidor Feinstein), 1907-1989.",1299035
CUL_Lectures_CU_0268_AM_1_2,1_27fgf4wb,Has Watergate ruined Ford too?,"Stone, I. F. (Isidor Feinstein), 1907-1989.",1299035
CUL_Lectures_CU_0333_AM_1_1,1_vb0sgkgy,McCarthyism,"Hiss, Alger",1299685
CUL_Lectures_CU_0338_AM_1_1,1_ovdbb262,Prison reform,"Hoffa, James R. (James Riddle), 1913-ca. 1975",1299748
CUL_Lectures_CU_0656_AM_1_1,1_oh93xqwf,A Physicist blunders into architecture,"Wilson, Robert R.",3604526
CUL_Lectures_CU_0656_AM_1_2,1_wqtzxaf2,A Physicist blunders into architecture,"Wilson, Robert R.",3604526
CUL_Lectures_CU_0685_06_AM_1_1,1_swip20hl,Rationalism: Rationalist architecture,"Krier, Rob",3602689
CUL_Lectures_CU_0685_06_AM_1_2,1_12y20uqs,Rationalism: Rationalist architecture,"Krier, Rob",3602689
CUL_Lectures_CU_0685_08_AM_1_1,1_2y47v603,Bernard Hoesli on architecture,"Hoesli, Bernard",3602691
CUL_Lectures_CU_0685_10_AM_1_1,1_0y5gvbi9,Colin Rowe on architecture,"Rowe, Colin",3602693
CUL_Lectures_CU_0685_10_AM_1_2,1_4ccwmtr0,Colin Rowe on architecture,"Rowe, Colin",3602693
CUL_Lectures_CU_0722_AM_1_1,1_xrq0nhk5,The mirror stage,Jonathan Culler,3602748
CUL_Lectures_CU_0722_AM_1_2,1_sd9oj7ey,The mirror stage,Jonathan Culler,3602748
CUL_Lectures_CU_0732_AM_1_1,1_qdefnbvh,Social communication in the chimpanzee,"Goodall, Jane",3602616
CUL_Lectures_CU_0732_AM_1_2,1_b3drkr9f,Social communication in the chimpanzee,"Goodall, Jane",3602616
CUL_Lectures_CU_0732_AM_2_1,1_ofjjjj0v,Social communication in the chimpanzee,"Goodall, Jane",3602616
CUL_Lectures_CU_0764_AM_1_1,1_xgip1xpn,Toni Morrison reads her work,"Morrison, Toni",3602582
CUL_Lectures_CU_0789_AM_1_1,1_wvd7kjqb,A study of modern and postmodern,"Koolhas, Rem",3602617
CUL_Lectures_CU_0789_AM_1_2,1_c8zvbimh,A study of modern and postmodern,"Koolhas, Rem",3602617
CUL_Lectures_CU_0836_AM_1_1,1_6grk27n4,"Names, novels and histories",Carlos Fuentes,3602373
CUL_Lectures_CU_0836_AM_1_2,1_zje9yzew,"Names, novels and histories",Carlos Fuentes,3602373
CUL_Lectures_CU_0836_AM_2_1,1_7y2ex1tw,"Names, novels and histories",Carlos Fuentes,3602373
CUL_Lectures_CU_0935_AM_2_1,1_1hp0db2w,Intellectual history: a reconsideration,Dominick LaCapra,3602200
CUL_Lectures_CU_0935_AM_2_2,1_nuojhif9,Intellectual history: a reconsideration,Dominick LaCapra,3602200
CUL_Lectures_CU_1002_AM_1_1,1_6a78qvbj,Abbie Hoffman speaks at Cornell,"Hoffmann, Abbie",3602318
CUL_Lectures_CU_1002_AM_1_2,1_ojt5ba1m,Abbie Hoffman speaks at Cornell,"Hoffmann, Abbie",3602318
CUL_Lectures_CU_1002_AM_2_1,1_z9iy6ywo,Abbie Hoffman speaks at Cornell,"Hoffmann, Abbie",3602318
CUL_Lectures_CU_1099_AM_1_1,1_8risr7ws,"Horns, beans and insteps: guessing from Aristotle to Sherlock Holmes","Eco, Umberto",3602112
CUL_Lectures_CU_1099_AM_1_2,1_7g0vkjto,"Horns, beans and insteps: guessing from Aristotle to Sherlock Holmes","Eco, Umberto",3602112
CUL_Lectures_CU_1101_AM_1_1,1_oe0gu49r,Cabala and the modern man,"Singer, Isaac Bashevis",3601684
CUL_Lectures_CU_1101_AM_1_2,1_brzmk5iu,Cabala and the modern man,"Singer, Isaac Bashevis",3601684
CUL_Lectures_CU_1109_AM_1_1,1_7il642pf,Reaganomics and women,"Steinem, Gloria",3601822
CUL_Lectures_CU_1109_AM_1_2,1_2xugaf27,Reaganomics and women,"Steinem, Gloria",3601822
CUL_Lectures_CU_1157_AM_1_1,1_gnlsrx4e,Lecturing on her work,"Hartigan, Grace",3601860
CUL_Lectures_CU_1157_AM_1_2,1_0wx2w868,Lecturing on her work,"Hartigan, Grace",3601860
CUL_Lectures_CU_1192_AM_1_1,1_xxp9p609,Adrienne Rich reads her own poetry,"Rich, Adrienne, 1929-2012. ",3601895
CUL_Lectures_CU_1192_AM_1_2,1_u1y61u2v,Adrienne Rich reads her own poetry,"Rich, Adrienne, 1929-2012. ",3601895
CUL_Lectures_CU_1192_AM_2_1,1_509o0mut,Adrienne Rich reads her own poetry,"Rich, Adrienne, 1929-2012. ",3601895
CUL_Lectures_CU_1222_AM_1_1,1_mjn8oqx6,Theory of architecture: conflicting roles of myth,"Choay, Francoise",3601114
CUL_Lectures_CU_1222_AM_1_2,1_arp2esg4,Theory of architecture: conflicting roles of myth,"Choay, Francoise",3601114
CUL_Lectures_CU_1222_AM_2_1,1_qszy5t7b,Theory of architecture: conflicting roles of myth,"Choay, Francoise",3601114
CUL_Lectures_CU_1266_AM_1_1,1_i3nflxcg,Imagination as faith,"Bishop, Jonathan.",3601627
CUL_Lectures_CU_1266_AM_1_2,1_vz8wappc,Imagination as faith,"Bishop, Jonathan.",3601627
CUL_Lectures_CU_1271_AM_1_1,1_zghx9uzw,The role of the writer in Cuba,"Padilla, Heberto",3601632
CUL_Lectures_CU_1271_AM_1_2,1_i1cxh7fl,The role of the writer in Cuba,"Padilla, Heberto",3601632
CUL_Lectures_CU_1277_AM_1_1,1_89w0epih,Restlessness and stability in present day painting,"Kahn, Wolf",3601638
CUL_Lectures_CU_1277_AM_1_2,1_8vqrbtwg,Restlessness and stability in present day painting,"Kahn, Wolf",3601638
CUL_Lectures_CU_1285_AM_1_1,1_7e05icjy,Alice R. Friman reads her own poetry,"Friman, Alice R.",3601647
CUL_Lectures_CU_1285_AM_1_2,1_eyc1dcnv,Alice R. Friman reads her own poetry,"Friman, Alice R.",3601647
CUL_Lectures_CU_1311_AM_1_1,1_nkzqr7ng,Thoughts on the future of music,"Lutos_awski, Witold",3601488
CUL_Lectures_CU_1311_AM_1_2,1_n50h220w,Thoughts on the future of music,"Lutos_awski, Witold",3601488
CUL_Lectures_CU_1321_AM_1_1,1_dog7a0zl,La cultura caribena en la Cuba actual: continuidad versus reptura,"Benítez Rojo, Antonio",3601498
CUL_Lectures_CU_1321_AM_1_2,1_43icl39s,La cultura caribena en la Cuba actual: continuidad versus reptura,"Benítez Rojo, Antonio",3601498
CUL_Lectures_CU_1322_AM_1_1,1_52tq6bgm,On Being Half Romantic,"Woodring, Carl",3601499
CUL_Lectures_CU_1322_AM_1_2,1_ygx2t5by,On Being Half Romantic,"Woodring, Carl",3601499
CUL_Lectures_CU_1342_AM_1_1,1_q8sw0858,"All the world's a stage: an insider's perspective on """"Hill Street Blues""","Marinaro, Ed.",3601518
CUL_Lectures_CU_1342_AM_1_2,1_e2mfdrtx,"All the world's a stage: an insider's perspective on ""Hill Street Blues""","Marinaro, Ed.",3601518
CUL_Lectures_CU_1347_AM_1_1,1_5wv3m7hj,"Kurt Vonnegut, Jr. lectures about his work","Vonnegut, Kurt",3601523
CUL_Lectures_CU_1347_AM_1_2,1_uzj1sko1,"Kurt Vonnegut, Jr. lectures about his work","Vonnegut, Kurt",3601523
CUL_Lectures_CU_1350_AM_1_1,1_0v1u0oy1,The principle of reason and the idea of the university,"Derrida, Jacques.",3604576
CUL_Lectures_CU_1350_AM_1_2,1_r1sujbmh,The principle of reason and the idea of the university,"Derrida, Jacques.",3604576
CUL_Lectures_CU_1350_AM_2_1,1_kxr9y12b,The principle of reason and the idea of the university,"Derrida, Jacques.",3604576
CUL_Lectures_CU_1379_AM_1_1,1_lnzsmygb,1984: women in the workplace,"Cook, Alice.",3601554
CUL_Lectures_CU_1384_AM_1_1,1_29rlrpxh,Polish poetry under martial law,"Bara_czak, Stanis_aw",3601559
CUL_Lectures_CU_1384_AM_1_2,1_tb5phjdh,Polish poetry under martial law,"Bara_czak, Stanis_aw",3601559
CUL_Lectures_CU_1396_AM_1_1,1_zux9pzk2,Presidential forum: George McGovern,"McGovern, George Stanley.",3601570
CUL_Lectures_CU_1396_AM_1_2,1_qn6vf1f1,Presidential forum: George McGovern,"McGovern, George Stanley.",3601570
CUL_Lectures_CU_1405_AM_1_1,1_31lp4ile,Commentary on two films,"Robeson, Paul.",3601389
CUL_Lectures_CU_1437_AM_1_1,1_tc3xqqzy,Katerina Anghelaki-Hook reads her own poetry,"Angelak_-Rouk, Katerina.",3601415
CUL_Lectures_CU_1437_AM_1_2,1_xjuz23tf,Katerina Anghelaki-Hook reads her own poetry,"Angelak_-Rouk, Katerina.",3601415
CUL_Lectures_CU_1446_AM_1_1,1_p74c15fg,A gathering of spirit: a reading of North American Indian womens' writing,"Brant, Beth",3601424
CUL_Lectures_CU_1446_AM_1_2,1_qhqrmkb4,A gathering of spirit: a reading of North American Indian womens' writing,"Brant, Beth",3601424
CUL_Lectures_CU_1477_AM_1_1,1_lvq0wcmk,"Gay people and civil rights: how far, how fast","Stoddard, Thomas B.",3601455
CUL_Lectures_CU_1480_AM_1_1,1_yx45hn8z,"Race, writing and difference","Gates, Henry Louis.",3601458
CUL_Lectures_CU_1480_AM_1_2,1_cupb47cc,"Race, writing and difference","Gates, Henry Louis.",3601458
CUL_Lectures_CU_1497_AM_1_1,1_fxlwn4x1,Lecture on her work,"Porter, Katherin Anne.",3601474
CUL_Lectures_CU_1497_AM_1_2,1_v3apecfc,Lecture on her work,"Porter, Katherin Anne.",3601474
CUL_Lectures_CU_1517_AM_1_1,1_1in7j8i8,Women and the West German peace movement,"Wettig-Danielmeier, Inge",3601347
CUL_Lectures_CU_1517_AM_1_2,1_iv5dett3,Women and the West German peace movement,"Wettig-Danielmeier, Inge",3601347
CUL_Lectures_CU_1518_AM_1_1,1_29gcq5i4,Alternative choices: solutions to modern man's problems,"Ba-Yunus, Ilyas.",3601348
CUL_Lectures_CU_1518_AM_1_2,1_7dqyf9f5,Alternative choices: solutions to modern man's problems,"Ba-Yunus, Ilyas.",3601348
CUL_Lectures_CU_1522_AM_1_1,1_0j85mc7m,The seizure of Willard Straight Hall and its meaning for today: a fifteen year retrospective,"Burak, David",3601352
CUL_Lectures_CU_1522_AM_2_1,1_htcfpr7w,The seizure of Willard Straight Hall and its meaning for today: a fifteen year retrospective,"Burak, David",3601352
CUL_Lectures_CU_1530_AM_1_1,1_3im3n4lu,Feminist activism and the law,"Kennedy, Florynce",3601360
CUL_Lectures_CU_1530_AM_1_2,1_qu0yotrl,Feminist activism and the law,"Kennedy, Florynce",3601360
CUL_Lectures_CU_1543_AM_1_1,1_sjymt445,Can Anyone Defeat Reagan?,"Lowi, Theodore J.",3601373
CUL_Lectures_CU_1543_AM_1_2,1_vbz46rb4,Can Anyone Defeat Reagan?,"Lowi, Theodore J.",3601373
CUL_Lectures_CU_1545_AM_1_1,1_ziurifhi,The United States and the Wider World,"Howard, Michael.",3601375
CUL_Lectures_CU_1545_AM_1_2,1_25nsbavg,The United States and the Wider World,"Howard, Michael.",3601375
CUL_Lectures_CU_1548_AM_1_1,1_3vowcfdc,"Producing, directing, writing movies","Dubelman, Richard.",3601378
CUL_Lectures_CU_1548_AM_1_2,1_t1rideon,"Producing, directing, writing movies","Dubelman, Richard.",3601378
CUL_Lectures_CU_1556_AM_1_1,1_ey12gv8r,"USA, developing nations and world community","Mbata, J. Congress.",3602463
CUL_Lectures_CU_1556_AM_1_2,1_zxbikq1u,"USA, developing nations and world community","Mbata, J. Congress.",3602463
CUL_Lectures_CU_1560_AM_1_1,1_5ugzarfs,"USA, developing nations and world community, part 2","Mbata, J. Congress.",3601313
CUL_Lectures_CU_1560_AM_1_2,1_vrmf0ip2,"USA, developing nations and world community, part 2","Mbata, J. Congress.",3601313
CUL_Lectures_CU_1565_AM_1_1,1_5wue027r,,"Lopez-Baralt, Mercedes.",3601299
CUL_Lectures_CU_1565_AM_1_2,1_dsqvwt65,,"Lopez-Baralt, Mercedes.",3601299
CUL_Lectures_CU_1587_AM_1_1,1_ny1e4pvk,Ways toward peace in the world community,"Cotton, Dorothy.",3601337
CUL_Lectures_CU_1602_AM_1_1,1_1p3azy64,Lecture on current Latin American politics,"Mari Bras, Juan.",3601326
CUL_Lectures_CU_1602_AM_1_2,1_9pfl9nsh,Lecture on current Latin American politics,"Mari Bras, Juan.",3601326
CUL_Lectures_CU_1613_AM_1_1,1_vvoedvgl,The problem of believing preliminaries to an historical anthropology of believability,"Certeau, Michel de.",3601108
CUL_Lectures_CU_1613_AM_1_2,1_3ch039f5,The problem of believing preliminaries to an historical anthropology of believability,"Certeau, Michel de.",3601108
CUL_Lectures_CU_1615_AM_1_1,1_af67tbv8,The nuclear arms race: why it is so hard to deal with,"York, Herbert F.",3601310
CUL_Lectures_CU_1615_AM_1_2,1_jkebyw1o,The nuclear arms race: why it is so hard to deal with,"York, Herbert F.",3601310
CUL_Lectures_CU_1619_AM_1_1,1_hobmxjhm,Invention of the truth,"Derrida, Jacques.",3604586
CUL_Lectures_CU_1619_AM_1_2,1_emeks97c,Invention of the truth,"Derrida, Jacques.",3604586
CUL_Lectures_CU_1619_AM_2_1,1_d40j6pps,Invention of the truth,"Derrida, Jacques.",3604586
CUL_Lectures_CU_1620_AM_1_1,1_qawyki84,The nuclear arms race: what might be done,"York, Herbert F.",3601343
CUL_Lectures_CU_1620_AM_1_2,1_g54zfu2y,The nuclear arms race: what might be done,"York, Herbert F.",3601343
CUL_Lectures_CU_1627_AM_1_1,1_038y3qyn,"Invention in the nuclear age-no apocalypse, not now","Derrida, Jacques.",3601123
CUL_Lectures_CU_1627_AM_1_2,1_8omxbpb9,"Invention in the nuclear age-no apocalypse, not now","Derrida, Jacques.",3601123
CUL_Lectures_CU_1627_AM_2_1,1_57nllbsb,"Invention in the nuclear age-no apocalypse, not now","Derrida, Jacques.",3601123
CUL_Lectures_CU_1627_AM_2_2,1_r3go1yus,"Invention in the nuclear age-no apocalypse, not now","Derrida, Jacques.",3601123
CUL_Lectures_CU_1685_AM_1_1,1_5fx8tbcb,Dionysics vs. romantic,"Habermas, Jürgen",3601191
CUL_Lectures_CU_1685_AM_1_2,1_ew6jfauy,Dionysics vs. romantic,"Habermas, Jürgen",3601191
CUL_Lectures_CU_1686_AM_1_1,1_agjk4c17,The Triple heritage of Nietzsche,"Habermas, Jürgen",3601190
CUL_Lectures_CU_1686_AM_1_2,1_w9wujxob,The Triple heritage of Nietzsche,"Habermas, Jürgen",3601190
CUL_Lectures_CU_1688_AM_1_1,1_jielxcjp,Heidegger's overcoming of occidental rationalism,"Habermas, Jurgen",3601188
CUL_Lectures_CU_1688_AM_1_2,1_x0e98uen,Heidegger's overcoming of occidental rationalism,"Habermas, Jurgen",3601188
CUL_Lectures_CU_1691_AM_1_1,1_v0mslhis,Bataille: between eroticism and economy of nature,"Habermas, Jurgen",3601185
CUL_Lectures_CU_1691_AM_1_2,1_hhhyswse,Bataille: between eroticism and economy of nature,"Habermas, Jurgen",3601185
CUL_Lectures_CU_1691_AM_2_1,1_upayvlqo,Bataille: between eroticism and economy of nature,"Habermas, Jurgen",3601185
CUL_Lectures_CU_1692_AM_1_1,1_is55abq9,"Sixteenth and seventeenth century Spanish and French mysticism, part 1","Certeau, Michel de",3601184
CUL_Lectures_CU_1692_AM_1_2,1_dqhdj59e,"Sixteenth and seventeenth century Spanish and French mysticism, part 2","Certeau, Michel de",3601184
CUL_Lectures_CU_1693_AM_1_1,1_wqp10urs,Foucault's unmasking of the human sciences,"Habermas, Jurgen",3601183
CUL_Lectures_CU_1693_AM_1_2,1_xs7tnn57,Foucault's unmasking of the human sciences,"Habermas, Jurgen",3601183
CUL_Lectures_CU_1703_AM_1_1,1_uv492pd7,The final fifty days of the presidential campaign,"Thomas, Helen",3601213
CUL_Lectures_CU_1703_AM_1_2,1_zlcghfa4,The final fifty days of the presidential campaign,"Thomas, Helen",3601213
CUL_Lectures_CU_1704_AM_1_1,1_78mpa5tr,Homosexuality and initiation in ancient Greece,"Dover, Kenneth James",3604597
CUL_Lectures_CU_1704_AM_1_2,1_isx8b5hm,Homosexuality and initiation in ancient Greece,"Dover, Kenneth James",3604597
CUL_Lectures_CU_1705_AM_1_1,1_wv9eckzi,"Sixteenth and seventeenth century Spanish and French mysticism, part 2","Certeau, Michel de",3601232
CUL_Lectures_CU_1705_AM_1_2,1_h08402vr,"Sixteenth and seventeenth century Spanish and French mysticism, part 2","Certeau, Michel de",3601232
CUL_Lectures_CU_1705_AM_2_1,1_lm1oh783,"Sixteenth and seventeenth century Spanish and French mysticism, part 3","Certeau, Michel de",3601232
CUL_Lectures_CU_1705_AM_2_2,1_okichluq,"Sixteenth and seventeenth century Spanish and French mysticism, part 3","Certeau, Michel de",3601232
CUL_Lectures_CU_1713_AM_1_1,1_8717tnjz,"Language, literature, and national consciousness","Anderson, Benedict R. O'G. (Benedict Richard O'Gorman)",3601231
CUL_Lectures_CU_1713_AM_1_2,1_j21c0bzu,"Language, literature, and national consciousness","Anderson, Benedict R. O'G. (Benedict Richard O'Gorman)",3601231
CUL_Lectures_CU_1713_AM_2_1,1_4gpgs1tb,"Language, literature, and national consciousness","Anderson, Benedict R. O'G. (Benedict Richard O'Gorman)",3601231
CUL_Lectures_CU_1723_AM_1_1,1_yxbun3c6,"Sixteenth and seventeenth century Spanish and French mysticism, part 4","Certeau, Michel de",3601134
CUL_Lectures_CU_1723_AM_1_2,1_3ye5343z,"Sixteenth and seventeenth century Spanish and French mysticism, part 4","Certeau, Michel de",3601134
CUL_Lectures_CU_1723_AM_2_1,1_pfu7awma,"Sixteenth and seventeenth century Spanish and French mysticism, part 5","Certeau, Michel de",3601227
CUL_Lectures_CU_1723_AM_2_2,1_nz5umtqu,"Sixteenth and seventeenth century Spanish and French mysticism, part 5","Certeau, Michel de",3601227
CUL_Lectures_CU_1731_AM_1_1,1_4d3lcq1h,The westernization of Japan,"Ikiriye, Akira",3601203
CUL_Lectures_CU_1746_AM_1_1,1_zxm6py9v,"Spirituality, femininity, and world community","Pempel, Alice McDowell",3601137
CUL_Lectures_CU_1747_AM_1_1,1_ubvnejvn,Jazz and literary culture in Czechoslovakia today,"Skvorecky, Josef",3601138
CUL_Lectures_CU_1751_AM_1_1,1_esbyz33l,The humanities in everyday life and public policy,"Harris, Robert",3601141
CUL_Lectures_CU_1751_AM_1_2,1_6htt0prf,The humanities in everyday life and public policy,"Harris, Robert",3601141
CUL_Lectures_CU_1757_AM_1_1,1_h1kb4ai4,Assessing Reagan's record: women's concerns,"Katzenstein, Mary Fainsod",3601147
CUL_Lectures_CU_1757_AM_1_2,1_66vmji8t,Assessing Reagan's record: women's concerns,"Katzenstein, Mary Fainsod",3601147
CUL_Lectures_CU_1758_AM_1_1,1_ch8muk1o,"Sixteenth and seventeenth century Spanish and French mysticism, part 5","Certeau, Michel de",3601148
CUL_Lectures_CU_1758_AM_1_2,1_5yim92rb,"Sixteenth and seventeenth century Spanish and French mysticism, part 5","Certeau, Michel de",3601148
CUL_Lectures_CU_1758_AM_2_1,1_pcr4mr05,"Sixteenth and seventeenth century Spanish and French mysticism, part 6","Certeau, Michel de",3601148
CUL_Lectures_CU_1758_AM_2_2,1_qydv6vfe,"Sixteenth and seventeenth century Spanish and French mysticism, part 6","Certeau, Michel de",3601148
CUL_Lectures_CU_1776_AM_1_1,1_gbeim854,Ulysses' brother: the Cain and Abel theme in Dante and Machiavelli,"Quinones, Riccardo",3601159
CUL_Lectures_CU_1782_AM_1_1,1_dpgp03qo,Assessing Reagan's record: economic policy,"Greve, Michael S.",3601174
CUL_Lectures_CU_1782_AM_1_2,1_ad1knj8n,Assessing Reagan's record: economic policy,"Greve, Michael S.",3601174
CUL_Lectures_CU_1785_AM_1_1,1_tyx2sdzt,Taking control of evolution: genetic manipulation and its consequences for various species,"Woolhouse, Harold W.",3604600
CUL_Lectures_CU_1798_AM_1_1,1_q6dp9f8f,Can social change be achieved through the United States' political system?,"Goodstein, David B.",3601073
CUL_Lectures_CU_1798_AM_1_2,1_cqfb1b1k,Can social change be achieved through the United States' political system?,"Goodstein, David B.",3601073
CUL_Lectures_CU_1799_AM_1_1,1_ve3dn622,Berlin Architecture and Urban Design since 1900,"Kleihues, Josef Paul",3601074
CUL_Lectures_CU_1799_AM_1_2,1_p5murkne,Berlin Architecture and Urban Design since 1900,"Kleihues, Josef Paul",3601074
CUL_Lectures_CU_1801_AM_1_1,1_bm8hhf9d,How to avoid nuclear war,"Weisskopf, Victor Frederick",3601076
CUL_Lectures_CU_1801_AM_1_2,1_tj7zm5ai,How to avoid nuclear war,"Weisskopf, Victor Frederick",3601076
CUL_Lectures_CU_1806_AM_1_1,1_ly2s955m,Architecture between individualism and convention,"Kleihues, Josef Paul",3601081
CUL_Lectures_CU_1806_AM_1_2,1_a0lul2dz,Architecture between individualism and convention,"Kleihues, Josef Paul",3601081
CUL_Lectures_CU_1813_AM_1_1,1_zopqf6s1,"James McCourt reads from ""Time Out of Mind""","McCourt, James",3601096
CUL_Lectures_CU_1816_AM_1_1,1_6a4dug5r,Talk on what makes '60 Minutes' tick,"Socolow, Sanford",3601102
CUL_Lectures_CU_1816_AM_1_2,1_1l313num,Talk on what makes '60 Minutes' tick,"Socolow, Sanford",3601102
CUL_Lectures_CU_1825_AM_1_1,1_0zma0xze,The 'German Question' reopened,"Katzenstein, Peter J.",3601050
CUL_Lectures_CU_1825_AM_1_2,1_z1vnlgkl,The 'German Question' reopened,"Katzenstein, Peter J.",3601050
CUL_Lectures_CU_1829_AM_1_1,1_36jol0ps,Seeds and global politics,"Borlaug, Norman E. (Norman Ernest)",3604601
CUL_Lectures_CU_1829_AM_1_2,1_fb6m9ihc,Seeds and global politics,"Borlaug, Norman E. (Norman Ernest)",3604601
CUL_Lectures_CU_1836_AM_1_1,1_b10zrd2z,Masking and unmasking of photography in post-modernism,"Grundberg, Andy",3601059
CUL_Lectures_CU_1836_AM_1_2,1_0l7g19eq,Masking and unmasking of photography in post-modernism,"Grundberg, Andy",3601059
CUL_Lectures_CU_1839_AM_1_1,1_6f7hbfd8,The myth of women's masochism,"Caplan, Paula J.",3601042
CUL_Lectures_CU_1839_AM_1_2,1_056pe7x9,The myth of women's masochism,"Caplan, Paula J.",3601042
CUL_Lectures_CU_1847_AM_1_1,1_ecevtj8a,History and the novel,"LaCapra, Dominick",3600742
CUL_Lectures_CU_1847_AM_1_2,1_qbbx7qud,History and the novel,"LaCapra, Dominick",3600742
CUL_Lectures_CU_1862_AM_1_1,1_d4nkliv2,One culture: creative modes common to the arts and sciences,"Hoffmann, Roald.",3601019
CUL_Lectures_CU_1862_AM_1_2,1_zav3420r,One culture: creative modes common to the arts and sciences,"Hoffmann, Roald.",3601019
CUL_Lectures_CU_1879_AM_1_1,1_5gwabvta,Has the Labour Party a future in British politics?,"Sheerman, Barry",3600721
CUL_Lectures_CU_1879_AM_1_2,1_pis8lrdj,Has the Labour Party a future in British politics?,"Sheerman, Barry",3600721
CUL_Lectures_CU_1899_AM_1_1,1_r4uxuwu9,"Women, development and the international economy","Beneria, Lourdes",3601009
CUL_Lectures_CU_1899_AM_1_2,1_6q4j3prk,"Women, development and the international economy","Beneria, Lourdes",3601009
CUL_Lectures_CU_1931_AM_1_1,1_kjwa3ild,Popular support and the stability of the liberal democratic party regime in Japan,"Kabashima, Ikuo",3600993
CUL_Lectures_CU_1931_AM_1_2,1_yfz0cmkz,Popular support and the stability of the liberal democratic party regime in Japan,"Kabashima, Ikuo",3600993
CUL_Lectures_CU_1942_AM_1_1,1_mfnb7r6t,Agricultural policy in the United States: political and economic dimensions,"Lowi, Theodore J.",3600735
CUL_Lectures_CU_1942_AM_1_2,1_zx0vilp3,Agricultural policy in the United States: political and economic dimensions,"Lowi, Theodore J.",3600735
CUL_Lectures_CU_1952_AM_1_1,1_pn3hvp5o,Communicative competence and normative force,"Culler, Jonathan D.",3600944
CUL_Lectures_CU_1954_AM_1_1,1_qudy3383,The utopian dimension in communicative ethics,"Benhabib, Seyla",3600942
CUL_Lectures_CU_1954_AM_1_2,1_nuypn2lu,The utopian dimension in communicative ethics,"Benhabib, Seyla",3600942
CUL_Lectures_CU_1961_AM_1_1,1_yd1jbguc,Cornell 1969-1985: liberalism to conservatism?,"Williams, L. Pearce (Leslie Pearce)",3600936
CUL_Lectures_CU_1961_AM_1_2,1_9jmq5cy1,Cornell 1969-1985: liberalism to conservatism?,"Williams, L. Pearce (Leslie Pearce)",3600936
CUL_Lectures_CU_1984_AM_1_1,1_mvmsil4i,U.S. nuclear war plans,"Powers, Thomas",3600924
CUL_Lectures_CU_1984_AM_1_2,1_0zsj0bas,U.S. nuclear war plans,"Powers, Thomas",3600924
CUL_Lectures_CU_1987_AM_1_1,1_1b7n8g9v,Eudora Welty reads her short story 'The Wide Net',"Welty, Eudora",3604609
CUL_Lectures_CU_1987_AM_1_2,1_hknzm402,Eudora Welty reads her short story 'The Wide Net',"Welty, Eudora",3604609
CUL_Lectures_CU_2002_AM_1_1,1_54sheu4p,Tobias Wolff reads his own work,"Wolff, Tobias",3600907
CUL_Lectures_CU_2002_AM_1_2,1_9km5d2dx,Tobias Wolff reads his own work,"Wolff, Tobias",3600907
CUL_Lectures_CU_2007_AM_1_1,1_9sxvsg4v,Survey research and presidential campaigns: the Democrats in 1984,"Lynch, Dotty",3600906
CUL_Lectures_CU_2007_AM_1_2,1_jdzmo4qf,Survey research and presidential campaigns: the Democrats in 1984,"Lynch, Dotty",3600906
CUL_Lectures_CU_2010_AM_1_1,1_4xr3y1f2,Uncovering the supercomputer,"Wilson, Kenneth G. (Kenneth Geddes)",3600899
CUL_Lectures_CU_2010_AM_1_2,1_vs1vr3ny,Uncovering the supercomputer,"Wilson, Kenneth G. (Kenneth Geddes)",3600899
CUL_Lectures_CU_2015_AM_1_1,1_m02fyt8t,Third world women and creativity,"ElSaadawi, Nawal",3600904
CUL_Lectures_CU_2015_AM_1_2,1_rb67c0oi,Third world women and creativity,"ElSaadawi, Nawal",3600904
CUL_Lectures_CU_2078_AM_1_1,1_lvopsyhs,Civil rights: where do we go from here?,"Pendleton, Clarence M. Jr.",3600848
CUL_Lectures_CU_2078_AM_1_2,1_741q16sn,Civil rights: where do we go from here?,"Pendleton, Clarence M. Jr.",3600848
CUL_Lectures_CU_2086_AM_1_1,1_4y0f8h42,Heidegger's hand,"Derrida, Jacques",3604611
CUL_Lectures_CU_2086_AM_1_2,1_is3t9q41,Heidegger's hand,"Derrida, Jacques",3604611
CUL_Lectures_CU_2086_AM_2_1,1_temd0nq7,Heidegger's hand,"Derrida, Jacques",3604611
CUL_Lectures_CU_2109_AM_1_1,1_23yl6w0r,Secret wars of the CIA,"Stockwell, John",3600847
CUL_Lectures_CU_2109_AM_1_2,1_vggaymd7,Secret wars of the CIA,"Stockwell, John",3600847
CUL_Lectures_CU_2133_AM_1_1,1_ggqlgc2v,Breaking with Moscow: revelations of a Soviet diplomat,"Shevchenko, Arkady",3600787
CUL_Lectures_CU_2133_AM_1_2,1_5eu5mnoe,Breaking with Moscow: revelations of a Soviet diplomat,"Shevchenko, Arkady",3600787
CUL_Lectures_CU_2148_AM_1_1,1_nn1w83vv,West German parties and their politics,"Schwaetzer, Irmgard",3600299
CUL_Lectures_CU_2148_AM_1_2,1_n9d9l5dw,West German parties and their politics,"Schwaetzer, Irmgard",3600299
CUL_Lectures_CU_2163_AM_1_1,1_bsyo2b68,Outward glance and inward retreat: ambivalence in African arts and literature,Wole Soyinka,3600800
CUL_Lectures_CU_2163_AM_1_2,1_orzz47ia,Outward glance and inward retreat: ambivalence in African arts and literature,Wole Soyinka,3600800
CUL_Lectures_CU_2199_AM_1_1,1_y5jrscu7,"Culture and imperialism: overlapping territories, intertwined histories","Said, Edward",3600716
CUL_Lectures_CU_2200_AM_1_1,1_wj75w88l,Culture and imperialism: consolidated vision,"Said, Edward",3600511
CUL_Lectures_CU_2200_AM_1_2,1_5y1zou4j,Culture and imperialism: consolidated vision,"Said, Edward",3600511
CUL_Lectures_CU_2201_AM_1_1,1_rl1tev1r,Culture and imperialism: opposition and resistance,"Said, Edward",3600510
CUL_Lectures_CU_2201_AM_1_2,1_7cwo4das,Culture and imperialism: opposition and resistance,"Said, Edward",3600510
CUL_Lectures_CU_2202_AM_1_1,1_grzgwz0j,"Culture and imperialism: domination, future-style","Said, Edward",3600509
CUL_Lectures_CU_2202_AM_1_2,1_t9fawh2l,"Culture and imperialism: domination, future-style","Said, Edward",3600509
CUL_Lectures_CU_2208_AM_1_1,1_z42jpjen,Socratic irony,"Vlastos, Gregory",3600516
CUL_Lectures_CU_2208_AM_1_2,1_us0pu1th,Socratic irony,"Vlastos, Gregory",3600516
CUL_Lectures_CU_2209_AM_1_1,1_wq6a4j3e,Defining music,"Randel, Don Michael",3600512
CUL_Lectures_CU_2209_AM_1_2,1_wooakn33,Defining music,"Randel, Don Michael",3600512
CUL_Lectures_CU_2210_AM_1_1,1_q9qkh66n,The metamorphosis of perception,"McCleary, Peter",3600513
CUL_Lectures_CU_2210_AM_1_2,1_kx1gqz94,The metamorphosis of perception,"McCleary, Peter",3600513
CUL_Lectures_CU_2213_AM_1_1,1_fzzyguuq,Latin America and the West: historical origins and cultural contexts-#4: The West we knew,"Fuentes, Carlos",3600199
CUL_Lectures_CU_2213_AM_1_2,1_pycbanlp,Latin America and the West: historical origins and cultural contexts-#4: The West we knew,"Fuentes, Carlos",3600199
CUL_Lectures_CU_2215_AM_1_1,1_o005ee4f,Socrates' contra Socrates' in Plato,"Vlastos, Gregory",3600496
CUL_Lectures_CU_2215_AM_1_2,1_v6j53ktr,Socrates' contra Socrates' in Plato,"Vlastos, Gregory",3600496
CUL_Lectures_CU_2234_AM_1_1,1_2lggjv0s,The feminist movement today: a historical perspective,"Ehrenreich, Barbara",3600401
CUL_Lectures_CU_2234_AM_1_2,1_yok14km7,The feminist movement today: a historical perspective,"Ehrenreich, Barbara",3600401
CUL_Lectures_CU_2253_AM_1_1,1_9u68cuo1,,"Fuentes, Carlos",3600203
CUL_Lectures_CU_2253_AM_1_2,1_2urcwki2,,"Fuentes, Carlos",3600203
CUL_Lectures_CU_2254_AM_1_1,1_wtrtt08d,Socratic rejection of the Lex talionis,"Vlastos, Gregory",3600322
CUL_Lectures_CU_2254_AM_1_2,1_3kd3laup,Socratic rejection of the Lex talionis,"Vlastos, Gregory",3600322
CUL_Lectures_CU_2309_AM_1_1,1_d5dgspna,The situation in El Salvador,"Rodriguez, Ali",3600236
CUL_Lectures_CU_2309_AM_1_2,1_mpt7pr9i,The situation in El Salvador,"Rodriguez, Ali",3600236
CUL_Lectures_CU_2313_AM_1_1,1_nog0yeby,The women’s movement in India,"Kishwar, Madhu",3600213
CUL_Lectures_CU_2313_AM_1_2,1_63060uiq,The women’s movement in India,"Kishwar, Madhu",3600213
CUL_Lectures_CU_2313_AM_2_1,1_brucm4bu,The women’s movement in India,"Kishwar, Madhu",3600213
CUL_Lectures_CU_2367_AM_1_1,1_aef6tegq,The Palestinian as Israeli citizen,"_ab_b_, Im_l",3600211
CUL_Lectures_CU_2367_AM_1_2,1_drhyla14,The Palestinian as Israeli citizen,"_ab_b_, Im_l",3600211
CUL_Lectures_CU_2367_AM_2_1,1_1jlrcwzd,The Palestinian as Israeli citizen,"_ab_b_, Im_l",3600211
CUL_Lectures_CU_2400_AM_1_1,1_7svhr9rg,Speaking at Cornell,"Kahane, Meir",3600161
CUL_Lectures_CU_2400_AM_1_2,1_hqrpjdzu,Speaking at Cornell,"Kahane, Meir",3600161
CUL_Lectures_CU_2411_AM_1_1,1_xne36r43,U.S. international and security policy: the right turn' in historical perspective,"Chomsky, Noam",3600091
CUL_Lectures_CU_2411_AM_1_2,1_01xl7li0,U.S. international and security policy: the right turn' in historical perspective,"Chomsky, Noam",3600091
CUL_Lectures_CU_2430_AM_1_1,1_xsjw2sr0,Human rights violations in the Soviet Union and El Salvador,"Orlov, Yuri",3600168
CUL_Lectures_CU_2430_AM_1_2,1_5284i4h1,Human rights violations in the Soviet Union and El Salvador,"Orlov, Yuri",3600168
CUL_Lectures_CU_2486_AM_1_1,1_brez3g6p,Nature unveiling before science: images of women and knowledge,"Jordanova, L. J.",3600250
CUL_Lectures_CU_2486_AM_1_2,1_vjj07x2p,Nature unveiling before science: images of women and knowledge,"Jordanova, L. J.",3600250
CUL_Lectures_CU_2509_AM_1_1,1_9ovqhy8v,What is there about the White House that makes its occupants want to do bad things?,"Lowi, Theodore J.",3600289
CUL_Lectures_CU_2509_AM_1_2,1_saeh8fdu,What is there about the White House that makes its occupants want to do bad things?,"Lowi, Theodore J.",3600289
CUL_Lectures_CU_2517_AM_1_1,1_p7dlp2qm,The autonomy of the arts and the administration of culture,"Salo, Arvo",3600415
CUL_Lectures_CU_2517_AM_1_2,1_orrvpeom,The autonomy of the arts and the administration of culture,"Salo, Arvo",3600415
CUL_Lectures_CU_2526_AM_1_1,1_kdtas6ka,How Finland went western,"Salo, Arvo",3600701
CUL_Lectures_CU_2526_AM_1_2,1_zjx4u6hh,How Finland went western,"Salo, Arvo",3600701
CUL_Lectures_CU_2540_AM_1_1,1_juoofz79,Fascism and architecture,"Otto, Christian",3600526
CUL_Lectures_CU_2540_AM_1_2,1_kiawmmps,Fascism and architecture,"Otto, Christian",3600526
CUL_Lectures_CU_2545_AM_1_1,1_7fahk8ue,"Database or cultural treasury - the crucial balance, Cornell University Libraries in the year 2000","O'Hara, Maureen",3600525
CUL_Lectures_CU_2545_AM_1_2,1_2h34l14k,"Database or cultural treasury - the crucial balance, Cornell University Libraries in the year 2000","O'Hara, Maureen",3600525
CUL_Lectures_CU_2552_AM_1_1,1_u8opkmmq,A university physicist and the pentagon: consulting for the military in the 60's,"Salpeter, Edwin E.",3600419
CUL_Lectures_CU_2552_AM_1_2,1_wgp7kyn9,A university physicist and the pentagon: consulting for the military in the 60's,"Salpeter, Edwin E.",3600419
CUL_Lectures_CU_2552_AM_2_1,1_zd58uibz,A university physicist and the pentagon: consulting for the military in the 60's,"Salpeter, Edwin E.",3600419
CUL_Lectures_CU_2554_AM_1_1,1_ioapk3x4,The green revolution revisited,"Swaminathan, Monkombu Sambasivan",3600696
CUL_Lectures_CU_2554_AM_1_2,1_7cybr008,The green revolution revisited,"Swaminathan, Monkombu Sambasivan",3600696
CUL_Lectures_CU_2561_AM_1_1,1_r2wdo7c2,Neumann-presence and history,"Otto, Christian F.",3600435
CUL_Lectures_CU_2561_AM_1_2,1_9je9nvpx,Neumann-presence and history,"Otto, Christian F.",3600435
CUL_Lectures_CU_2565_AM_1_1,1_n7aco6z2,Meir Kahane speaks at Cornell,"Kahane, Meir",3600492
CUL_Lectures_CU_2565_AM_1_2,1_qcb3zv3k,Meir Kahane speaks at Cornell,"Kahane, Meir",3600492
CUL_Lectures_CU_2569_AM_1_1,1_pxc3qs10,An evening with two Mohawk poets,Karoniaktatie,3600470
CUL_Lectures_CU_2569_AM_1_2,1_deh5m88r,An evening with two Mohawk poets,Karoniaktatie,3600470
CUL_Lectures_CU_2569_AM_2_1,1_96569xv0,An evening with two Mohawk poets,Karoniaktatie,3600470
CUL_Lectures_CU_2575_AM_1_1,1_cyv7uma4,The dangerous realities of America’s misperceptions of the world,"Salinger, Pierre",3600414
CUL_Lectures_CU_2575_AM_1_2,1_k4yqak2i,The dangerous realities of America’s misperceptions of the world,"Salinger, Pierre",3600414
CUL_Lectures_CU_2578_AM_1_1,1_lldo53q6,Annotation of ambiguity,"Turner, Judith",3600457
CUL_Lectures_CU_2578_AM_1_2,1_jtx4xqeu,Annotation of ambiguity,"Turner, Judith",3600457
CUL_Lectures_CU_2581_AM_1_1,1_k53cgn1g,America's third century: an agenda for reform,"Hart, Gary",3600474
CUL_Lectures_CU_2582_AM_1_1,1_wjdvyabi,Ideas on the philosophy of science,"Weizsäcker, Carl Friedrich",3600420
CUL_Lectures_CU_2582_AM_1_2,1_hznp9ikr,Ideas on the philosophy of science,"Weizsäcker, Carl Friedrich",3600420
CUL_Lectures_CU_2587_AM_1_1,1_ctt2k1de,Political and moral consequences of science,"Weizsäcker, Carl Friedrich",3600428
CUL_Lectures_CU_2614_AM_1_1,1_9qqyy2p8,,"Khan, Shoaib Sultan",3600372
CUL_Lectures_CU_2614_AM_1_2,1_es4ohndj,,"Khan, Shoaib Sultan",3600372
CUL_Lectures_CU_2658_AM_1_1,1_qmbu8777,Sammy and Rosie Get Laid: a round-table discussion of the film,"Ali, Tariq",3600575
CUL_Lectures_CU_2658_AM_1_2,1_1a2743g3,Sammy and Rosie Get Laid: a round-table discussion of the film,"Ali, Tariq",3600575
CUL_Lectures_CU_2664_AM_1_1,1_9m0h7fug,Reshaping British consciousness,"Ali, Tariq",3600545
CUL_Lectures_CU_2672_AM_1_1,1_ruacqx8g,The wrath of grapes,"Chavez, Cesar",3600554
CUL_Lectures_CU_2672_AM_1_2,1_glz4ouk0,The wrath of grapes,"Chavez, Cesar",3600554
CUL_Lectures_CU_2682_AM_1_1,1_8oa9on3e,The myth of the American Jewish princess,"Lipstadt, Deborah E.",3600375
CUL_Lectures_CU_2682_AM_1_2,1_re4mdpug,The myth of the American Jewish princess,"Lipstadt, Deborah E.",3600375
CUL_Lectures_CU_2699_AM_1_1,1_3dzdxr5t,Structuring the environment: selecting resources and utilizing technology,"Van Tienhoven, Ari",3600395
CUL_Lectures_CU_2699_AM_1_2,1_ir0fizr8,Structuring the environment: selecting resources and utilizing technology,"Van Tienhoven, Ari",3600395
CUL_Lectures_CU_2731_AM_1_1,1_3knrscui,Is America on the decline?,"LaFeber, Walter",3600678
CUL_Lectures_CU_2731_AM_1_2,1_lvyl2kpl,Is America on the decline?,"LaFeber, Walter",3600678
CUL_Lectures_CU_2733_AM_1_1,1_ghh9ethl,Luigi Einaudi: between politics and history,"Chartier, Roger",3600547
CUL_Lectures_CU_2733_AM_1_2,1_i0dprwp9,Luigi Einaudi: between politics and history,"Chartier, Roger",3600547
CUL_Lectures_CU_2742_AM_1_1,1_i9ndsr2p,Is this democracy: 1988 presidential campaign forum,"Keene, David A.",3600703
CUL_Lectures_CU_2742_AM_1_2,1_yhjmqu3t,Is this democracy: 1988 presidential campaign forum,"Keene, David A.",3600703
CUL_Lectures_CU_2742_AM_2_1,1_13g2lxq8,Is this democracy: 1988 presidential campaign forum,"Keene, David A.",3600703
CUL_Lectures_CU_2745_AM_1_1,1_8uqj821q,Republic of China on Taiwan and her relations with the United States,"Chien, Frederick F. (Frederick Foo), 1935-",3600626
CUL_Lectures_CU_2745_AM_1_2,1_h0dfto61,Republic of China on Taiwan and her relations with the United States,"Chien, Frederick F. (Frederick Foo), 1935-",3600626
CUL_Lectures_CU_2754_AM_1_1,1_zkcg9k3p,On the rhetoric of racism in literature,"LaCapra, Dominick, 1939- ",3600639
CUL_Lectures_CU_2762_AM_1_1,1_2be3rp1x,Contesting the dominant other: the case of the Francophone North African writer,"Mehrez, Samia",3600646
CUL_Lectures_CU_2762_AM_1_2,1_fje39gvc,Contesting the dominant other: the case of the Francophone North African writer,"Mehrez, Samia",3600646
CUL_Lectures_CU_2768_AM_1_1,1_5ll4569j,Future of peace in the middle east: an arab perspective,"Maksoud, Clovis.",3600593
CUL_Lectures_CU_2768_AM_1_2,1_1p45r8d4,Future of peace in the middle east: an arab perspective,"Maksoud, Clovis.",3600593
CUL_Lectures_CU_2772_AM_1_1,1_wcctaca5,James Tate reads his poetry,"Tate, James, 1943-",3600598
CUL_Lectures_CU_2785_AM_1_1,1_4abys15z,Re-vision: a feminist perspective,"McIntosh, Peggy.",3600601
CUL_Lectures_CU_2789_AM_1_1,1_kr4fmrl1,Gorbachev reforms: a relationship between human rights and mutual security,"Orlov, Yuri., 1924-",3600679
CUL_Lectures_CU_2789_AM_1_2,1_4txhwklx,Gorbachev reforms: a relationship between human rights and mutual security,"Orlov, Yuri., 1924-",3600679
CUL_Lectures_CU_2791_AM_1_1,1_ojmzcu1j,The black church and oppositional politics,"West, Cornel",3600603
CUL_Lectures_CU_2791_AM_2_1,1_eqs4i8hl,The black church and oppositional politics,"West, Cornel",3600603
CUL_Lectures_CU_2796_AM_1_1,1_imcnwksd,Blues on blues,"Piedra, Jose",3600610
CUL_Lectures_CU_2796_AM_1_2,1_ygb4v5at,Blues on blues,"Piedra, Jose",3600610
CUL_Lectures_CU_2817_AM_1_1,1_nll57pj6,Goals for the 21st-century,"Sagan, Carl",3601667
CUL_Lectures_CU_2817_AM_1_2,1_s9qpyotv,Goals for the 21st-century,"Sagan, Carl",3601667
CUL_Lectures_CU_2849_AM_1_1,1_tmq91a3o,From Russia with laughs: Soviet underground humor,"Draitser, Emil, 1937-",3601915
CUL_Lectures_CU_2855_AM_1_1,1_c8f9oit1,Denonville and Sullivan campaigns: record of Iroquois agriculture,"Mohawk, John, 1945-2006",3601920
CUL_Lectures_CU_2855_AM_1_2,1_zm00oa9k,Denonville and Sullivan campaigns: record of Iroquois agriculture,"Mohawk, John, 1945-2007",3601920
CUL_Lectures_CU_2855_AM_2_1,1_ywchv00e,Denonville and Sullivan campaigns: record of Iroquois agriculture,"Mohawk, John, 1945-2007",3601920
CUL_Lectures_CU_2860_AM_1_1,1_qngnf8ny,W.D. Snodgrass reads his own poetry,"Snodgrass, W. D. (William De Witt), 1926-2009",3601925
CUL_Lectures_CU_2860_AM_1_2,1_eylchqse,W.D. Snodgrass reads his own poetry,"Snodgrass, W. D. (William De Witt), 1926-2009",3601925
CUL_Lectures_CU_2881_AM_1_1,1_op6j4rkq,Beth Brant reads from her own work,"Brant, Beth",3601941
CUL_Lectures_CU_2884_AM_1_1,1_5o3ojxwm,Politiques de l'amitié,"Derrida, Jacques.",3601944
CUL_Lectures_CU_2884_AM_1_2,1_1ycbi3o4,Politiques de l'amitié,"Derrida, Jacques.",3601944
CUL_Lectures_CU_2896_AM_1_1,1_wdn40ufw,,"Mernissi, Fatima.",3601956
CUL_Lectures_CU_2896_AM_1_2,1_9wcr3sm3,,"Mernissi, Fatima.",3601956
CUL_Lectures_CU_2902_AM_1_1,1_tigs58rt,Arab women and political struggles: the case of Palestinian women during the Intifadah,"Rishmawi, Mona.",3601962
CUL_Lectures_CU_2908_AM_1_1,1_ph2tq16r,Carlos Fuentes reads from his work,"Fuentes, Carlos.",3601967
CUL_Lectures_CU_2908_AM_1_2,1_jazeidpc,Carlos Fuentes reads from his work,"Fuentes, Carlos.",3601967
CUL_Lectures_CU_2913_AM_1_1,1_l4kf438u,,"Seznec, Alain.",3601971
CUL_Lectures_CU_2913_AM_1_2,1_bdktngrb,,"Seznec, Alain.",3601971
CUL_Lectures_CU_2924_AM_1_1,1_alo2mc59,"Recent developments in feminist theory: ""women's oppression today"" reconsidered","Barrett, Michele.",3601981
CUL_Lectures_CU_2924_AM_1_2,1_y5nebuig,"Recent developments in feminist theory: ""women's oppression today"" reconsidered","Barrett, Michele.",3601981
CUL_Lectures_CU_2928_AM_1_1,1_e8kvlqba,Provincial Stalinism: scenes from the Great Purge 1937,"Fitzpatrick, Sheila.",3601985
CUL_Lectures_CU_2928_AM_1_2,1_ephebcsf,Provincial Stalinism: scenes from the Great Purge 1937,"Fitzpatrick, Sheila.",3601985
CUL_Lectures_CU_2934_AM_1_1,1_24ydmvah,Being Black and Jewish,"Greenburg, Reuben.",3601991
CUL_Lectures_CU_2934_AM_1_2,1_kc479rvd,Being Black and Jewish,"Greenburg, Reuben.",3601991
CUL_Lectures_CU_2937_AM_1_1,1_ch7mou71,The United States in Latin America: a history of intervention,"LaFeber, Walter.",3601994
CUL_Lectures_CU_2937_AM_1_2,1_ump9datr,The United States in Latin America: a history of intervention,"LaFeber, Walter.",3601994
CUL_Lectures_CU_2946_AM_1_1,1_ohcb6n5j,Centrality,"Evans, Robin",3602002
CUL_Lectures_CU_2946_AM_1_2,1_xd2zkvsp,Centrality,"Evans, Robin",3602002
CUL_Lectures_CU_2950_AM_1_1,1_qfgsqqb1,Architecture and its geometries,"Evans, Robin",3602006
CUL_Lectures_CU_2950_AM_1_2,1_dj0ym8pb,Architecture and its geometries,"Evans, Robin",3602006
CUL_Lectures_CU_2956_AM_1_1,1_opr1hsri,Screening of Transport to Paradise,"Lustig, Arnost.",3602012
CUL_Lectures_CU_2970_AM_1_1,1_ydhy4e06,The unbearable lightness of building,"Otto, Christian F.",3602025
CUL_Lectures_CU_2970_AM_1_2,1_paplvp59,The unbearable lightness of building,"Otto, Christian F.",3602025
CUL_Lectures_CU_2973_AM_1_1,1_nvisayn9,The presidency in the media age,"Schorr, Daniel",3602028
CUL_Lectures_CU_2973_AM_1_2,1_f5pdgmj4,The presidency in the media age,"Schorr, Daniel",3602028
CUL_Lectures_CU_2974_AM_1_1,1_e1rdvizz,The Reagan presidency and domestic affairs,"Schorr, Daniel",3602029
CUL_Lectures_CU_2974_AM_1_2,1_zz5p6zyx,The Reagan presidency and domestic affairs,"Schorr, Daniel",3602029
CUL_Lectures_CU_2976_AM_1_1,1_3z4uvis9,The Reagan legacy and beyond,"Meese, Edwin.",3602031
CUL_Lectures_CU_2976_AM_1_2,1_n6s81jau,The Reagan legacy and beyond,"Meese, Edwin.",3602031
CUL_Lectures_CU_2993_AM_1_1,1_bzx5um7z,Cornell on Corbu: the myth of the Corb Academy,"Otto, Christian F.",3602047
CUL_Lectures_CU_2993_AM_1_2,1_zjpq84v3,Cornell on Corbu: the myth of the Corb Academy,"Otto, Christian F.",3602047
CUL_Lectures_CU_2993_AM_2_1,1_ogji28zr,Cornell on Corbu: the myth of the Corb Academy,"Otto, Christian F.",3602047
CUL_Lectures_CU_2993_AM_2_2,1_edaa0slv,Cornell on Corbu: the myth of the Corb Academy,"Otto, Christian F.",3602047
CUL_Lectures_CU_2994_AM_1_1,1_k80p6ida,The evolution of a writer's voice: Gloria Naylor reads and reflects on her own work,"Naylor, Gloria.",3602048
CUL_Lectures_CU_3000_AM_1_1,1_9nwzamle,Homeless in America,"Snyder, Mitch.",3602054
CUL_Lectures_CU_3003_AM_1_1,1_1sshjjsk,"Relativity, pulsars and atomic time","Taylor, Joseph H.",3602057
CUL_Lectures_CU_3003_AM_1_2,1_wv716opi,"Relativity, pulsars and atomic time","Taylor, Joseph H.",3602057
CUL_Lectures_CU_3004_AM_1_1,1_arzw7nmh,Covert action in a democracy: the ethical considerations,"Colby, William Egan",3602058
CUL_Lectures_CU_3004_AM_1_2,1_brqgpkkd,Covert action in a democracy: the ethical considerations,"Colby, William Egan",3602058
CUL_Lectures_CU_3004_AM_2_1,1_5q6tdddy,Covert action in a democracy: the ethical considerations,"Colby, William Egan",3602058
CUL_Lectures_CU_3044_AM_1_1,1_v4za7lyz,Billy Budd: after the homosexual,"Sedgwick, Eve Kosofsky.",3601722
CUL_Lectures_CU_3044_AM_1_2,1_zz3karf4,Billy Budd: after the homosexual,"Sedgwick, Eve Kosofsky.",3601722
CUL_Lectures_CU_3063_AM_1_1,1_ryrnvg06,The Intifadeh: stones and afterthoughts,"Shammas, Anton.",3601741
CUL_Lectures_CU_3063_AM_1_2,1_ss1irgop,The Intifadeh: stones and afterthoughts,"Shammas, Anton.",3601741
CUL_Lectures_CU_3096_AM_1_1,1_fqth1q5o,"Black women, color, and consciousness: Harriet Jacobs and Pauline Breedlove","Washington, Margaret.",3601766
CUL_Lectures_CU_3103_AM_1_1,1_kl5c8il6,The future of abortion,"Weddington, Sarah Ragle.",3601773
CUL_Lectures_CU_3103_AM_1_2,1_7gxlg3wa,The future of abortion,"Weddington, Sarah Ragle.",3601773
CUL_Lectures_CU_3103_AM_2_1,1_nha0dxfz,The future of abortion,"Weddington, Sarah Ragle.",3601773
CUL_Lectures_CU_3108_AM_1_1,1_vk4hbl66,Molly Hite and Fred Muratori read from their works,"Hite, Molly",3601778
CUL_Lectures_CU_3114_AM_1_1,1_c5s6gqvx,Fulfilling our destiny: self-empowerment in the face of oppression,"Carmichael, Stokely.",3601784
CUL_Lectures_CU_3114_AM_1_2,1_c1o2gxqm,Fulfilling our destiny: self-empowerment in the face of oppression,"Carmichael, Stokely.",3601784
CUL_Lectures_CU_3114_AM_2_1,1_b8ufg7te,Fulfilling our destiny: self-empowerment in the face of oppression,"Carmichael, Stokely.",3601784
CUL_Lectures_CU_3117_AM_1_1,1_2k5p99mn,The crisis in civil liberties,"Glasser, Ira.",3602403
CUL_Lectures_CU_3117_AM_1_2,1_s928y347,The crisis in civil liberties,"Glasser, Ira.",3602403
CUL_Lectures_CU_3117_AM_2_1,1_tw8ohz43,The crisis in civil liberties,"Glasser, Ira.",3602403
CUL_Lectures_CU_3128_AM_1_1,1_ll048b93,The right to write,"Mailer, Norman.",3601796
CUL_Lectures_CU_3128_AM_1_2,1_w8yl15jg,The right to write,"Mailer, Norman.",3601796
CUL_Lectures_CU_3128_AM_2_1,1_t3xi1wkq,The right to write,"Mailer, Norman.",3601796
CUL_Lectures_CU_3135_AM_1_1,1_9ods7bfv,Spike Lee talk about his films,"Lee, Spike.",3601802
CUL_Lectures_CU_3135_AM_1_2,1_oqr7q4ao,Spike Lee talk about his films,"Lee, Spike.",3601802
CUL_Lectures_CU_3149_AM_1_1,1_8fz0qytx,"Protagonists, victims and sexual difference","Spero, Nancy",3602135
CUL_Lectures_CU_3178_AM_1_1,1_5xiaby1s,Student activism in light of the Willard Straight Takeover,"Farrakhan, Louis",3602413
CUL_Lectures_CU_3178_AM_1_2,1_4nsv1vvl,Student activism in light of the Willard Straight Takeover,"Farrakhan, Louis",3602413
CUL_Lectures_CU_3178_AM_2_1,1_46nw6y87,Student activism in light of the Willard Straight Takeover,"Farrakhan, Louis",3602413
CUL_Lectures_CU_3178_AM_2_2,1_s9s7g0bi,Student activism in light of the Willard Straight Takeover,"Farrakhan, Louis",3602413
CUL_Lectures_CU_3178_AM_3_1,1_gbxn03wd,Student activism in light of the Willard Straight Takeover,"Farrakhan, Louis",3602413
CUL_Lectures_CU_3178_AM_3_2,1_su5b4ms6,Student activism in light of the Willard Straight Takeover,"Farrakhan, Louis",3602413
CUL_Lectures_CU_3178_AM_4_1,1_fyap66je,Student activism in light of the Willard Straight Takeover,"Farrakhan, Louis",3602413
CUL_Lectures_CU_3185_AM_1_1,1_l079mtco,"Critical integration, talking race, resisting rascism","Hooks, Bell",3602158
CUL_Lectures_CU_3185_AM_1_2,1_4um1nt8y,"Critical integration, talking race, resisting rascism","Hooks, Bell",3602158
CUL_Lectures_CU_3185_AM_2_1,1_aezda17n,"Critical integration, talking race, resisting rascism","Hooks, Bell",3602158
CUL_Lectures_CU_3185_AM_2_2,1_9uzydeqt,"Critical integration, talking race, resisting rascism","Hooks, Bell",3602158
CUL_Lectures_CU_3186_AM_1_1,1_mde8zhb0,Timothy Leary speaks at Cornell.,"Leary, Timothy",3602159
CUL_Lectures_CU_3186_AM_1_2,1_n41psf67,Timothy Leary speaks at Cornell.,"Leary, Timothy",3602159
CUL_Lectures_CU_3186_AM_2_1,1_uj0cvxx8,Timothy Leary speaks at Cornell.,"Leary, Timothy",3602159
CUL_Lectures_CU_3193_AM_1_1,1_dlbgza1c,Early photography and modernism,"Szarkowski, John",3604641
CUL_Lectures_CU_3193_AM_1_2,1_gpkou6dx,Early photography and modernism,"Szarkowski, John",3604641
CUL_Lectures_CU_3202_AM_1_1,1_o5miq2g0,"Under the influence: art, photography and media culture","Heiferman, Marvin",3604647
CUL_Lectures_CU_3335_AM_1_1,1_0pauwvr7,Nikki Giovanni: an afternoon of poetry,"Giovanni, Nikki",3603273
CUL_Lectures_CU_3335_AM_1_2,1_hd47b98l,Nikki Giovanni: an afternoon of poetry,"Giovanni, Nikki",3603273
CUL_Lectures_CU_3396_AM_1_1,1_c3me401b,Alex Haley speaks at Cornell.,"Haley, Alex",3603360
CUL_Lectures_CU_3396_AM_1_2,1_y6ezaz62,Alex Haley speaks at Cornell.,"Haley, Alex",3603360
CUL_Lectures_CU_3396_AM_2_1,1_odcteqfz,Alex Haley speaks at Cornell.,"Haley, Alex",3603360
CUL_Lectures_CU_3518_AM_1_1,1_qpse8gdu,"The ladder of writing: the school of dreams and the school of roots, pt. I","Cixous, Hélène",3603452
CUL_Lectures_CU_3518_AM_1_2,1_doaryrkq,"The ladder of writing: the school of dreams and the school of roots, pt. I","Cixous, Hélène",3603452
CUL_Lectures_CU_3518_AM_2_1,1_v57jynkh,"The ladder of writing: the school of dreams and the school of roots, pt. I","Cixous, Hélène",3603452
CUL_Lectures_CU_3563_AM_1_1,1_ybcqmzcl,Indian architecture and the mythological imagination,"MacDougall, Bonnie",3603646
CUL_Lectures_CU_3563_AM_1_2,1_6z5x4ov0,Indian architecture and the mythological imagination,"MacDougall, Bonnie",3603646
CUL_Lectures_CU_3575_AM_1_1,1_1ygkq9zd,The creation of Doctor Zhivago,"Pasternak, E. B.",3603508
CUL_Lectures_CU_3575_AM_1_2,1_71o483ag,The creation of Doctor Zhivago,"Pasternak, E. B.",3603508
CUL_Lectures_CU_3618_AM_1_1,1_15rwjee3,Mass culture and artistic autonomy,"Hays, K. Michael",3603541
CUL_Lectures_CU_3618_AM_1_2,1_d1fo4f48,Mass culture and artistic autonomy,"Hays, K. Michael",3603541
CUL_Lectures_CU_3622_AM_1_1,1_n265nfd9,Ideology and the production of meaning,"Hays, K. Michael",3603543
CUL_Lectures_CU_3622_AM_1_2,1_zs0mvcmk,Ideology and the production of meaning,"Hays, K. Michael",3603543
CUL_Lectures_CU_3718_AM_1_1,1_thr3aew5,Benazir Bhutto speaks at Cornell.,"Bhutto, Benazir",3603750
CUL_Lectures_CU_3718_AM_1_2,1_dwyy5ldq,Benazir Bhutto speaks at Cornell.,"Bhutto, Benazir",3603750
CUL_Lectures_CU_3735_AM_1_1,1_q5dcm9k0,Schlafly phenomenon,"Tobias, Sheila",3603786
CUL_Lectures_CU_3735_AM_1_2,1_6du5qg3m,Schlafly phenomenon,"Tobias, Sheila",3603786
CUL_Lectures_CU_3892_AM_1_1,1_22i7gwx7,Equal justice under the law,"Biden, Joseph R.",3603717
CUL_Lectures_CU_3892_AM_1_2,1_csejdw0w,Equal justice under the law,"Biden, Joseph R.",3603717
CUL_Lectures_CU_4255_AM_1_1,1_pi108jle,Xenophobia and Kantian rationalism,"Piper, Adrian",3604446
CUL_Lectures_CU_4255_AM_1_2,1_whq1s2br,Xenophobia and Kantian rationalism,"Piper, Adrian",3604446
CUL_Lectures_CU_4409_AM_1_1,1_pixnpt1u,Theory of the monument of the Third Reich,"Mosse, George L (George Lachmann), 1918-",3604151
CUL_Lectures_CU_4413_AM_1_1,1_ydn0gusd,Not architecture,"Taylor, Mark C.",3604155
CUL_Lectures_CU_4413_AM_1_2,1_0hgig78x,Not architecture,"Taylor, Mark C.",3604155
CUL_Lectures_CU_4414_AM_1_1,1_qlhpon0a,Changing meaning and context of Holocaust memorials in Germany,"Milton, Sybil",3604156
CUL_Lectures_CU_4414_AM_1_2,1_7h6eteid,Changing meaning and context of Holocaust memorials in Germany,"Milton, Sybil",3604156
CUL_Lectures_CU_4415_AM_1_1,1_f8f9ttgy,Practices of laughter,"Allen, Stan",3604157
CUL_Lectures_CU_4415_AM_1_2,1_3jqhn1tm,Practices of laughter,"Allen, Stan",3604157
CUL_Lectures_CU_4416_AM_1_1,1_v2mpybkp,Autonomous art after Auschwitz: difficulty versus density,"O'Neil, Shayne",3604158
CUL_Lectures_CU_4417_AM_1_1,1_eaz3v6b2,"Architecture, memory, Holocaust: closing remarks","Gilman, Sander L.",3604200
CUL_Lectures_CU_4417_AM_1_2,1_o0r5ln25,"Architecture, memory, Holocaust: closing remarks","Gilman, Sander L.",3604200
CUL_Lectures_CU_4430_AM_1_1,1_r2h6duld,No Grapes,"Chavez, Cesar",3604197
CUL_Lectures_CU_4430_AM_1_2,1_5gw2pcbp,No Grapes,"Chavez, Cesar",3604197
CUL_Lectures_CU_4444_AM_1_1,1_wpulqgi0,Art in architecture,"Edwards, Melvin",3604223
CUL_Lectures_CU_4444_AM_1_2,1_kp8su45w,Art in architecture,"Edwards, Melvin",3604223
CUL_Lectures_CU_4446_AM_1_1,1_zt0tbbl9,My father's house,"Appiah, Anthony",3604195
CUL_Lectures_CU_4446_AM_1_2,1_qz8cfpvf,My father's house,"Appiah, Anthony",3604195
CUL_Lectures_CU_4605_AM_1_1,1_xqmipl6k,Is my death possible? (part I),"Derrida, Jacques",3602643
CUL_Lectures_CU_4605_AM_1_2,1_6rugmc2x,Is my death possible? (part I),"Derrida, Jacques",3602643
CUL_Lectures_CU_4605_AM_2_1,1_6kt7w2el,Is my death possible? (part I),"Derrida, Jacques",3602643
CUL_Lectures_CU_4606_AM_1_1,1_zxhg8lmg,Is my death possible? (part II),"Derrida, Jacques",3602653
CUL_Lectures_CU_4606_AM_1_2,1_lvwm4ijh,Is my death possible? (part II),"Derrida, Jacques",3602653
CUL_Lectures_CU_4606_AM_2_1,1_2shil25z,Is my death possible? (part II),"Derrida, Jacques",3602653
CUL_Lectures_CU_4606_AM_2_2,1_4p8uqitr,Is my death possible? (part II),"Derrida, Jacques",3602653
CUL_Lectures_CU_4633_AM_1_1,1_9h6tr2y4,Mapping the Invisible,"Denes, Agnes",3603352
CUL_Lectures_CU_4683_AM_1_1,1_j7qf7bd1,"Light, space and form","Meier, Richard",3604366
CUL_Lectures_CU_4683_AM_1_2,1_f4e18j5q,"Light, space and form","Meier, Richard",3604366
CUL_Lectures_CU_4977_AM_1_1,1_u38is2wp,How to get a job like mine,"Vonnegut, Kurt",3604914
CUL_Lectures_CU_4977_AM_1_2,1_i1p398sn,How to get a job like mine,"Vonnegut, Kurt",3604914
CUL_Lectures_CU_5047_AM_1_1,1_u0elfog1,What is good design,"Hascup, George",3604984
CUL_Lectures_CU_5047_AM_1_2,1_3325b07j,What is good design,"Hascup, George",3604984
CUL_Lectures_CU_5138_AM_1_1,1_abu1ayv2,Modern architecture and the mass media,"Colomina, Beatriz",3605219
CUL_Lectures_CU_5138_AM_1_2,1_473gyghn,Modern architecture and the mass media,"Colomina, Beatriz",3605219
CUL_Lectures_CU_5465_AM_1_1,1_rf21ee7j,The hierarchy of Islamic arts,"Nasr, Seyyed Hossein.",3605332
CUL_Lectures_CU_5465_AM_1_2,1_6gu8c5r0,The hierarchy of Islamic arts,"Nasr, Seyyed Hossein.",3605332
CUL_Lectures_CU_5465_AM_2_1,1_5xr6sgkg,The hierarchy of Islamic arts,"Nasr, Seyyed Hossein.",3605332
CUL_Lectures_CU_5599_AM_1_1,1_d7eof0uk,Bei Dao and contemporary chinese poetry,Bei Dao,3605514
CUL_Lectures_CU_5599_AM_1_2,1_vkvpwomp,Bei Dao and contemporary chinese poetry,Bei Dao,3605514
CUL_Lectures_CU_5599_AM_2_1,1_lktxqp6j,Bei Dao and contemporary chinese poetry,Bei Dao,3605514
CUL_Lectures_CU_5628_AM_1_1,1_0dxj1b8g,Philip Glass discusses his work in theater and opera,"Glass, Philip",3605543
CUL_Lectures_CU_5628_AM_1_2,1_wbh0owx4,Philip Glass discusses his work in theater and opera,"Glass, Philip",3605543
CUL_Lectures_CU_5635_AM_1_1,1_w4gyq5a3,A discussion with Claude Lanzmann about his films,Claude Lanzmann,3605550
CUL_Lectures_CU_5635_AM_1_2,1_fviiiv39,A discussion with Claude Lanzmann about his films,Claude Lanzmann,3605550
CUL_Lectures_CU_5635_AM_2_1,1_h0rczolf,A discussion with Claude Lanzmann about his films,Claude Lanzmann,3605550
CUL_Lectures_CU_5637_AM_1_1,1_04wuvrku,"The scene, an uninhabited island (on ""The Tempest"")",Andrè Green,3605552
CUL_Lectures_CU_5637_AM_1_2,1_eumvcc6x,"The scene, an uninhabited island (on ""The Tempest"")",Andrè Green,3605552
CUL_Lectures_CU_5637_AM_2_1,1_550jh2qc,"The scene, an uninhabited island (on ""The Tempest"")",Andrè Green,3605552
CUL_Lectures_CU_685_09_AM_1_1,1_joqtbabd,Ungers on architecture,"Ungers, O.M. (Oswald Mathias)",3602692
CUL_Lectures_CU_685_09_AM_1_2,1_yz0efut3,Ungers on architecture,"Ungers, O.M. (Oswald Mathias)",3602692
,,,,
,,,,
,,,,
,,,,
,,,,
,,,,
,,,,
,,,,
,,,,
,,,,
,,,,
,,,,
,,,,
,,,,
,,,,
,,,,
,,,,